い,0.0010020668
き,0.0003131459
こ,0.0000626292
さ,0.0020667627
し,0.0060124006
す,0.0001878875
せ,0.0005010334
ち,0.0001252583
っ,0.0000626292
の,0.0026304253
み,0.0005636626
め,0.0001252583
ら,0.0004384042
れ,0.0009394376
ろ,0.0001252583
ん,0.0003131459
ガ,0.0000626292
ソ,0.0000626292
ホ,0.0020041335
・,0.0001252583
一,0.0011273251
万,0.0037577504
三,0.0001252583
上,0.0002505167
中,0.0082044216
丸,0.0003131459
主,0.0000626292
丼,0.0001252583
二,0.0003757750
亨,0.0000626292
京,0.0000626292
亭,0.0001252583
人,0.0028809419
今,0.0014404710
介,0.0001878875
他,0.0001252583
付,0.0001252583
代,0.0002505167
件,0.0000626292
会,0.0004384042
似,0.0000626292
位,0.0007515501
何,0.0015031001
作,0.0000626292
例,0.0001878875
俊,0.0002505167
個,0.0001252583
倍,0.0012525835
値,0.0001252583
停,0.0000626292
側,0.0000626292
像,0.0001252583
億,0.0008768084
元,0.0000626292
充,0.0000626292
兆,0.0000626292
先,0.0006889209
光,0.0000626292
党,0.0002505167
公,0.0000626292
内,0.0002505167
円,0.0065134340
冊,0.0003131459
冬,0.0005010334
出,0.0001878875
分,0.0007515501
列,0.0001252583
初,0.0004384042
別,0.0001878875
利,0.0000626292
券,0.0010020668
前,0.0005010334
剛,0.0001878875
割,0.0006262917
力,0.0011273251
功,0.0000626292
労,0.0000626292
勢,0.0001252583
化,0.0064508048
区,0.0000626292
千,0.0000626292
半,0.0002505167
可,0.0000626292
台,0.0018162460
右,0.0001878875
号,0.0067013215
名,0.0004384042
君,0.0000626292
否,0.0000626292
味,0.0000626292
命,0.0001252583
和,0.0003131459
品,0.0001252583
員,0.0001252583
哲,0.0000626292
問,0.0000626292
喝,0.0001252583
嘘,0.0001252583
噂,0.0001252583
回,0.0011899543
国,0.0001252583
園,0.0000626292
土,0.0002505167
地,0.0004384042
型,0.0008141792
垣,0.0000626292
場,0.0000626292
増,0.0001878875
士,0.0000626292
声,0.0000626292
夏,0.0014404710
外,0.0012525835
夜,0.0000626292
夢,0.0001252583
大,0.0000626292
天,0.0000626292
妻,0.0000626292
委,0.0001252583
娘,0.0000626292
婆,0.0000626292
婚,0.0000626292
嫁,0.0000626292
子,0.0001252583
字,0.0000626292
学,0.0000626292
安,0.0003757750
宏,0.0000626292
宝,0.0000626292
実,0.0001252583
客,0.0000626292
家,0.0002505167
寿,0.0000626292
尚,0.0000626292
届,0.0001878875
屋,0.0002505167
展,0.0000626292
層,0.0001878875
山,0.0000626292
島,0.0000626292
嵐,0.0000626292
差,0.0002505167
巻,0.0001878875
師,0.0001252583
席,0.0010646959
帯,0.0000626292
帳,0.0001252583
幅,0.0001252583
平,0.0001252583
年,0.0021920210
庁,0.0000626292
底,0.0000626292
店,0.0003757750
度,0.0005010334
庫,0.0000626292
弁,0.0000626292
式,0.0001252583
弱,0.0000626292
強,0.0000626292
弾,0.0004384042
彰,0.0000626292
影,0.0000626292
役,0.0000626292
後,0.0005010334
得,0.0007515501
徹,0.0000626292
心,0.0001252583
性,0.0013778418
怪,0.0000626292
恥,0.0000626292
恩,0.0001252583
恵,0.0000626292
情,0.0003131459
愛,0.0000626292
感,0.0003131459
懐,0.0000626292
戦,0.0003131459
所,0.0000626292
手,0.0003131459
技,0.0007515501
拓,0.0001252583
損,0.0003131459
数,0.0002505167
文,0.0000626292
料,0.0002505167
方,0.0015031001
日,0.0034446045
早,0.0001252583
旬,0.0001252583
昔,0.0001252583
星,0.0001252583
春,0.0008141792
時,0.0006889209
晃,0.0000626292
曲,0.0001252583
書,0.0007515501
月,0.0064508048
朝,0.0001252583
期,0.0000626292
木,0.0000626292
末,0.0003131459
本,0.0011273251
来,0.0000626292
林,0.0000626292
枚,0.0003131459
柱,0.0000626292
株,0.0006889209
格,0.0000626292
案,0.0001252583
業,0.0001878875
様,0.0003131459
権,0.0001252583
橋,0.0001252583
機,0.0013778418
次,0.0001878875
欧,0.0000626292
歌,0.0000626292
正,0.0001252583
歩,0.0000626292
歳,0.0003131459
残,0.0010646959
毎,0.0000626292
比,0.0000626292
氏,0.0021293919
民,0.0000626292
気,0.0002505167
水,0.0002505167
沖,0.0000626292
沼,0.0000626292
泊,0.0000626292
法,0.0009394376
波,0.0001878875
活,0.0001252583
派,0.0001878875
流,0.0001878875
海,0.0001252583
減,0.0000626292
溝,0.0000626292
滋,0.0000626292
潔,0.0001878875
激,0.0002505167
火,0.0001252583
灯,0.0000626292
点,0.0004384042
熱,0.0000626292
版,0.0031314586
物,0.0000626292
特,0.0001252583
率,0.0004384042
現,0.0000626292
生,0.0001878875
産,0.0001252583
用,0.0003131459
田,0.0000626292
申,0.0000626292
町,0.0000626292
番,0.0000626292
発,0.0001878875
登,0.0000626292
的,0.0013152126
盤,0.0000626292
目,0.0006262917
省,0.0001878875
県,0.0000626292
真,0.0000626292
眼,0.0002505167
社,0.0008141792
票,0.0000626292
祭,0.0001252583
秋,0.0007515501
秒,0.0003131459
秘,0.0001252583
税,0.0000626292
筋,0.0000626292
簿,0.0000626292
米,0.0010646959
系,0.0005636626
紙,0.0011273251
級,0.0008768084
組,0.0001252583
絆,0.0000626292
絵,0.0000626292
絶,0.0000626292
綾,0.0000626292
線,0.0001252583
編,0.0005636626
缶,0.0001252583
罠,0.0000626292
罰,0.0000626292
美,0.0000626292
翔,0.0020667627
者,0.0043214129
耳,0.0000626292
聡,0.0001878875
職,0.0001878875
背,0.0001878875
脳,0.0001252583
腰,0.0000626292
膳,0.0000626292
舵,0.0000626292
色,0.0001878875
芽,0.0000626292
薫,0.0000626292
薬,0.0000626292
行,0.0002505167
術,0.0037577504
街,0.0001252583
袖,0.0000626292
裏,0.0000626292
製,0.0000626292
西,0.0000626292
見,0.0003757750
覚,0.0002505167
観,0.0000626292
解,0.0001252583
話,0.0003757750
誌,0.0001252583
語,0.0001252583
誤,0.0001878875
誰,0.0003757750
論,0.0000626292
謎,0.0003131459
費,0.0000626292
資,0.0000626292
赤,0.0000626292
超,0.0003131459
身,0.0001252583
車,0.0000626292
軒,0.0000626292
軸,0.0000626292
込,0.0000626292
通,0.0001252583
週,0.0000626292
進,0.0000626292
道,0.0003757750
達,0.0002505167
郁,0.0000626292
郎,0.0000626292
部,0.0001878875
配,0.0001252583
酒,0.0000626292
野,0.0000626292
量,0.0000626292
金,0.0005010334
銀,0.0005010334
銅,0.0004384042
鋼,0.0000626292
錠,0.0000626292
鍵,0.0001252583
長,0.0000626292
間,0.0001252583
陣,0.0001878875
陵,0.0000626292
隅,0.0000626292
際,0.0003131459
隣,0.0000626292
集,0.0003757750
難,0.0000626292
雷,0.0000626292
電,0.0001252583
静,0.0001252583
韓,0.0001878875
音,0.0001252583
順,0.0000626292
顔,0.0000626292
風,0.0000626292
食,0.0001878875
館,0.0000626292
駅,0.0001878875
高,0.0001252583
鬼,0.0000626292
鯛,0.0000626292
鴻,0.0001252583
麺,0.0001252583
麻,0.0000626292
龍,0.0000626292
％,0.0011273251
０,0.0008768084
１,0.0015031001
２,0.0010646959
３,0.0010020668
４,0.0006262917
５,0.0001878875
６,0.0001252583
７,0.0001878875
８,0.0002505167
９,0.0002505167
あげ,0.0003757750
あっ,0.0002505167
あと,0.0001252583
あり,0.0007515501
ある,0.0007515501
あれ,0.0001252583
いえ,0.0000626292
いく,0.0000626292
いけ,0.0001878875
いつ,0.0000626292
いま,0.0002505167
いら,0.0000626292
いる,0.0008141792
いれ,0.0000626292
うち,0.0001252583
おき,0.0005636626
おせ,0.0001878875
おり,0.0000626292
おん,0.0005010334
お客,0.0001252583
かか,0.0000626292
かけ,0.0001878875
かた,0.0001252583
かね,0.0000626292
がち,0.0001252583
きっ,0.0000626292
くる,0.0001878875
くれ,0.0000626292
くん,0.0001252583
けい,0.0005010334
ここ,0.0007515501
こと,0.0011273251
これ,0.0012525835
さん,0.0004384042
しゃ,0.0000626292
しよ,0.0008141792
すぎ,0.0000626292
する,0.0064508048
すれ,0.0001252583
せよ,0.0000626292
せる,0.0006262917
そこ,0.0000626292
そん,0.0001252583
たち,0.0000626292
ため,0.0023172794
たん,0.0001252583
だし,0.0000626292
だめ,0.0001252583
ちの,0.0000626292
ちり,0.0000626292
つき,0.0001252583
つく,0.0002505167
つけ,0.0000626292
てる,0.0001252583
でき,0.0003757750
でる,0.0000626292
とき,0.0004384042
とこ,0.0000626292
とっ,0.0001252583
どこ,0.0006262917
どれ,0.0001252583
どん,0.0000626292
なう,0.0000626292
なっ,0.0006262917
なら,0.0001252583
なり,0.0002505167
なる,0.0014404710
のき,0.0000626292
ばっ,0.0000626292
ひろ,0.0000626292
ぶさ,0.0000626292
ぶり,0.0005010334
ほか,0.0003757750
まち,0.0001252583
まつ,0.0001252583
まま,0.0000626292
みよ,0.0001878875
みる,0.0004384042
もと,0.0000626292
もの,0.0005010334
もれ,0.0002505167
もん,0.0000626292
やっ,0.0001878875
やめ,0.0000626292
やり,0.0002505167
やろ,0.0000626292
ゆき,0.0000626292
よう,0.0003131459
られ,0.0002505167
れる,0.0006262917
わけ,0.0001252583
わな,0.0000626292
わり,0.0001252583
アク,0.0000626292
イチ,0.0001252583
イン,0.0001252583
ウド,0.0035698628
エゴ,0.0000626292
オス,0.0000626292
オン,0.0000626292
カギ,0.0001252583
カス,0.0000626292
カツ,0.0000626292
カニ,0.0000626292
カ月,0.0004384042
カ条,0.0000626292
キモ,0.0000626292
キロ,0.0005636626
キー,0.0001252583
ギア,0.0000626292
クラ,0.0036324920
クン,0.0002505167
コア,0.0002505167
コツ,0.0009394376
ゴミ,0.0000626292
サブ,0.0000626292
サー,0.0000626292
スマ,0.0020041335
ズレ,0.0001252583
ゼロ,0.0003131459
タイ,0.0001252583
タフ,0.0000626292
タブ,0.0000626292
ダメ,0.0002505167
チノ,0.0000626292
ツボ,0.0001878875
テラ,0.0000626292
デモ,0.0002505167
デル,0.0000626292
トク,0.0006262917
ドル,0.0001252583
ナシ,0.0000626292
ナス,0.0000626292
バイ,0.0000626292
バカ,0.0000626292
バス,0.0001878875
バー,0.0001252583
パス,0.0000626292
パン,0.0000626292
ヒレ,0.0000626292
フカ,0.0000626292
フル,0.0001252583
プロ,0.0005010334
ヘタ,0.0000626292
ヘリ,0.0000626292
ヘン,0.0000626292
ペン,0.0001252583
ボー,0.0000626292
マイ,0.0000626292
マジ,0.0000626292
マネ,0.0000626292
マル,0.0001878875
マン,0.0001878875
ミス,0.0000626292
ムダ,0.0001252583
メガ,0.0001252583
メス,0.0000626292
メモ,0.0002505167
ラブ,0.0000626292
ラン,0.0000626292
リア,0.0000626292
リカ,0.0001252583
リマ,0.0000626292
ルポ,0.0000626292
レイ,0.0003131459
レス,0.0001252583
レフ,0.0000626292
レポ,0.0000626292
ロゴ,0.0000626292
ワザ,0.0013778418
ワン,0.0001252583
一つ,0.0000626292
一体,0.0000626292
一大,0.0000626292
一慶,0.0000626292
一括,0.0001252583
一挙,0.0003757750
一掃,0.0000626292
一文,0.0000626292
一斉,0.0000626292
一新,0.0001252583
一時,0.0003131459
一望,0.0000626292
一気,0.0000626292
一番,0.0002505167
一眼,0.0000626292
一瞬,0.0000626292
一緒,0.0001252583
一般,0.0001252583
一覧,0.0000626292
一言,0.0000626292
一転,0.0001252583
一部,0.0001252583
万全,0.0001252583
万能,0.0000626292
三光,0.0000626292
三宅,0.0000626292
三昧,0.0000626292
三種,0.0000626292
三重,0.0000626292
上げ,0.0001878875
上司,0.0001252583
上手,0.0001878875
上期,0.0000626292
上級,0.0000626292
上質,0.0000626292
上野,0.0001252583
上陸,0.0003131459
下落,0.0000626292
不信,0.0000626292
不安,0.0004384042
不明,0.0000626292
不正,0.0001878875
不満,0.0002505167
不能,0.0001252583
不要,0.0003757750
不調,0.0001878875
不足,0.0000626292
不遇,0.0000626292
与え,0.0000626292
世代,0.0003131459
世界,0.0006889209
世論,0.0000626292
両立,0.0001252583
両面,0.0000626292
並み,0.0000626292
並列,0.0003757750
中元,0.0001252583
中卒,0.0000626292
中古,0.0001878875
中国,0.0006262917
中堅,0.0000626292
中央,0.0000626292
中小,0.0000626292
中平,0.0000626292
中断,0.0000626292
中旬,0.0000626292
中矢,0.0000626292
中身,0.0000626292
中部,0.0000626292
主催,0.0020667627
主力,0.0000626292
主婦,0.0000626292
主導,0.0001252583
主流,0.0001252583
主犯,0.0000626292
主義,0.0000626292
主要,0.0000626292
九大,0.0000626292
九州,0.0000626292
乱数,0.0000626292
亀山,0.0000626292
予告,0.0003131459
予想,0.0002505167
予期,0.0000626292
予測,0.0002505167
予約,0.0005636626
予見,0.0001878875
予選,0.0000626292
争い,0.0000626292
事件,0.0003757750
事例,0.0015657293
事典,0.0001878875
事前,0.0002505167
事情,0.0001252583
事態,0.0000626292
事故,0.0001252583
事業,0.0008141792
二郎,0.0000626292
互換,0.0006262917
五輪,0.0004384042
交換,0.0003131459
交流,0.0000626292
交渉,0.0000626292
交通,0.0000626292
京都,0.0000626292
人事,0.0001252583
人力,0.0000626292
人口,0.0000626292
人志,0.0000626292
人材,0.0000626292
人気,0.0008768084
人生,0.0003757750
人間,0.0002505167
今夏,0.0000626292
今年,0.0005636626
今後,0.0003757750
今日,0.0001878875
今時,0.0000626292
今月,0.0000626292
今秋,0.0000626292
今週,0.0004384042
介護,0.0002505167
仏像,0.0000626292
仕事,0.0016283585
仕様,0.0002505167
他社,0.0000626292
付き,0.0007515501
付け,0.0011899543
付箋,0.0001252583
付録,0.0003131459
代償,0.0000626292
代替,0.0000626292
代理,0.0000626292
代目,0.0000626292
代表,0.0009394376
以上,0.0010020668
以下,0.0001252583
仮想,0.0016909877
仲間,0.0000626292
件名,0.0000626292
任せ,0.0001878875
企業,0.0020041335
企画,0.0002505167
伊方,0.0000626292
休日,0.0000626292
会う,0.0000626292
会合,0.0000626292
会員,0.0004384042
会社,0.0005636626
会見,0.0000626292
会談,0.0001878875
会議,0.0001252583
会長,0.0000626292
伝授,0.0001878875
伝説,0.0001252583
位置,0.0004384042
低下,0.0001878875
住所,0.0000626292
佐藤,0.0000626292
体制,0.0000626292
体操,0.0001878875
体験,0.0015657293
余っ,0.0000626292
余計,0.0001252583
作っ,0.0001252583
作り,0.0002505167
作る,0.0011273251
作れ,0.0000626292
作ろ,0.0001252583
作例,0.0000626292
作品,0.0001878875
作図,0.0002505167
作成,0.0013152126
作戦,0.0000626292
作業,0.0002505167
作法,0.0001252583
併用,0.0000626292
使い,0.0004384042
使う,0.0015657293
使え,0.0001252583
使お,0.0000626292
使っ,0.0013152126
使わ,0.0000626292
使用,0.0001252583
供与,0.0000626292
供給,0.0001252583
価値,0.0001878875
価格,0.0005636626
侵入,0.0000626292
侵害,0.0000626292
便利,0.0022546502
俊敏,0.0001252583
保存,0.0008141792
保守,0.0001252583
保管,0.0001878875
保険,0.0000626292
信行,0.0000626292
信頼,0.0002505167
修復,0.0001252583
修正,0.0001878875
個人,0.0003757750
個性,0.0001252583
倍増,0.0002505167
倍率,0.0000626292
候補,0.0001252583
値段,0.0001878875
偉人,0.0000626292
停止,0.0001878875
停電,0.0002505167
健太,0.0000626292
健康,0.0001252583
備え,0.0001252583
傾向,0.0001252583
僅か,0.0005010334
僅少,0.0000626292
働き,0.0001878875
働く,0.0000626292
働け,0.0000626292
優れ,0.0001252583
優先,0.0000626292
優勝,0.0000626292
優秀,0.0000626292
儲け,0.0000626292
元帥,0.0001252583
元手,0.0000626292
元気,0.0001252583
兄弟,0.0000626292
充実,0.0002505167
充電,0.0001252583
先制,0.0001878875
先物,0.0000626292
先生,0.0001252583
先着,0.0002505167
先端,0.0001252583
先進,0.0001878875
先鋭,0.0000626292
光学,0.0000626292
克也,0.0001878875
克服,0.0000626292
児童,0.0000626292
党名,0.0000626292
党員,0.0000626292
入っ,0.0001252583
入り,0.0002505167
入る,0.0001878875
入れ,0.0000626292
入力,0.0006889209
入場,0.0000626292
入手,0.0001878875
入江,0.0001252583
入社,0.0000626292
入荷,0.0001252583
入門,0.0013778418
全て,0.0000626292
全力,0.0001252583
全品,0.0000626292
全員,0.0002505167
全国,0.0000626292
全貌,0.0001252583
全部,0.0001878875
八田,0.0000626292
公募,0.0001878875
公式,0.0001878875
公立,0.0001252583
公衆,0.0003757750
公認,0.0000626292
公開,0.0020667627
共同,0.0000626292
共感,0.0000626292
共通,0.0000626292
兵衛,0.0000626292
内定,0.0000626292
内容,0.0001252583
内村,0.0001252583
内田,0.0000626292
内蔵,0.0000626292
内部,0.0001252583
内閣,0.0000626292
内需,0.0000626292
再生,0.0001878875
再開,0.0001878875
写真,0.0017536168
冷し,0.0000626292
冷却,0.0000626292
凄腕,0.0000626292
処分,0.0000626292
処方,0.0000626292
処理,0.0004384042
出し,0.0001252583
出す,0.0000626292
出る,0.0001878875
出先,0.0001252583
出力,0.0000626292
出勤,0.0000626292
出展,0.0002505167
出席,0.0000626292
出方,0.0000626292
出版,0.0004384042
出現,0.0000626292
出荷,0.0000626292
出血,0.0000626292
出資,0.0000626292
分の,0.0000626292
分析,0.0021293919
分裂,0.0001252583
分解,0.0001252583
分野,0.0001252583
分離,0.0000626292
切っ,0.0000626292
切り,0.0000626292
切れ,0.0001878875
刑事,0.0000626292
初戦,0.0000626292
初日,0.0000626292
初期,0.0000626292
初歩,0.0000626292
判り,0.0000626292
判定,0.0001878875
判断,0.0000626292
判明,0.0001252583
判決,0.0000626292
別冊,0.0000626292
利息,0.0000626292
利用,0.0006889209
利益,0.0001252583
到来,0.0001878875
制す,0.0000626292
制作,0.0000626292
制限,0.0001252583
刺激,0.0000626292
刻み,0.0000626292
削り,0.0000626292
削減,0.0002505167
削除,0.0003131459
前半,0.0001252583
前回,0.0000626292
前月,0.0000626292
前編,0.0002505167
割れ,0.0002505167
割引,0.0000626292
創出,0.0000626292
創刊,0.0000626292
創業,0.0000626292
創立,0.0000626292
創造,0.0000626292
劇的,0.0002505167
功罪,0.0000626292
加工,0.0001252583
加速,0.0000626292
効く,0.0003757750
効果,0.0002505167
効率,0.0009394376
勉強,0.0001252583
動き,0.0000626292
動く,0.0001878875
動け,0.0000626292
動作,0.0000626292
動向,0.0006889209
動物,0.0000626292
動画,0.0007515501
勘所,0.0001252583
勝ち,0.0000626292
勝つ,0.0001252583
勝利,0.0000626292
勝手,0.0001878875
勝負,0.0001252583
募集,0.0015657293
勢い,0.0000626292
化け,0.0001252583
化物,0.0000626292
北上,0.0001252583
北岡,0.0000626292
北島,0.0001252583
北米,0.0000626292
北越,0.0000626292
北陽,0.0000626292
医療,0.0000626292
半年,0.0001252583
半生,0.0000626292
半額,0.0001252583
卒業,0.0000626292
卓上,0.0000626292
卓郎,0.0001878875
協力,0.0000626292
協調,0.0000626292
協議,0.0001878875
協賛,0.0000626292
南ア,0.0000626292
南欧,0.0000626292
南部,0.0000626292
単位,0.0000626292
博士,0.0001252583
博多,0.0000626292
占い,0.0001252583
占う,0.0001252583
印刷,0.0015657293
危機,0.0001878875
危険,0.0001252583
即効,0.0001252583
即座,0.0000626292
原価,0.0000626292
原因,0.0001878875
原発,0.0002505167
原稿,0.0000626292
原著,0.0000626292
厳罰,0.0000626292
厳選,0.0001878875
参加,0.0012525835
参院,0.0000626292
友人,0.0000626292
友達,0.0001252583
反対,0.0001878875
反省,0.0000626292
反転,0.0000626292
収め,0.0000626292
収益,0.0000626292
収穫,0.0000626292
収納,0.0000626292
収録,0.0001252583
収集,0.0001252583
取り,0.0001252583
取れ,0.0000626292
取得,0.0001252583
受け,0.0002505167
受付,0.0018788752
受信,0.0001252583
受賞,0.0001252583
受験,0.0001252583
古川,0.0000626292
可決,0.0001252583
可能,0.0002505167
台湾,0.0001878875
台風,0.0001252583
史上,0.0000626292
号外,0.0224838730
号機,0.0001252583
司会,0.0000626292
各社,0.0001252583
各種,0.0000626292
合う,0.0000626292
合体,0.0001252583
合弁,0.0001252583
合意,0.0003757750
合戦,0.0000626292
吉川,0.0000626292
吉羽,0.0000626292
同僚,0.0000626292
同士,0.0000626292
同時,0.0002505167
同期,0.0001878875
名作,0.0000626292
名刺,0.0003131459
名前,0.0000626292
名店,0.0000626292
名所,0.0000626292
名称,0.0001252583
名義,0.0000626292
名著,0.0001252583
向い,0.0001878875
向け,0.0013778418
向上,0.0002505167
告知,0.0003131459
周り,0.0001252583
周年,0.0005636626
周辺,0.0001878875
呼び,0.0000626292
呼ぶ,0.0000626292
呼ん,0.0000626292
命ぜ,0.0000626292
命運,0.0000626292
和成,0.0000626292
和解,0.0000626292
品質,0.0000626292
唯一,0.0000626292
商品,0.0002505167
商標,0.0000626292
問題,0.0005636626
喜び,0.0000626292
営業,0.0003131459
四川,0.0000626292
回し,0.0000626292
回す,0.0000626292
回収,0.0000626292
回復,0.0004384042
回答,0.0001878875
回線,0.0000626292
回避,0.0000626292
因習,0.0000626292
団体,0.0002505167
困っ,0.0003131459
困ら,0.0000626292
困る,0.0001878875
図る,0.0000626292
図工,0.0000626292
図書,0.0016283585
図解,0.0000626292
図鑑,0.0001252583
国債,0.0000626292
国内,0.0008141792
国民,0.0000626292
国立,0.0000626292
国際,0.0001252583
圧力,0.0000626292
圧迫,0.0000626292
地元,0.0000626292
地図,0.0000626292
地方,0.0001252583
地殻,0.0000626292
地獄,0.0000626292
地震,0.0002505167
均衡,0.0000626292
執行,0.0000626292
培養,0.0000626292
基幹,0.0000626292
基本,0.0012525835
基準,0.0001252583
基盤,0.0005636626
基礎,0.0008141792
基調,0.0003757750
堅牢,0.0001252583
堪能,0.0000626292
報酬,0.0001252583
場所,0.0001252583
境界,0.0000626292
増え,0.0000626292
増す,0.0000626292
増刊,0.0010646959
増加,0.0001252583
増殖,0.0000626292
増税,0.0004384042
増設,0.0000626292
増資,0.0002505167
壊し,0.0000626292
壊れ,0.0001878875
声優,0.0000626292
売り,0.0001252583
売れ,0.0000626292
売上,0.0001252583
売却,0.0000626292
変え,0.0001252583
変動,0.0000626292
変化,0.0003757750
変換,0.0001878875
変数,0.0000626292
変更,0.0000626292
変身,0.0000626292
変遷,0.0000626292
変革,0.0002505167
夏野,0.0001878875
夕方,0.0001252583
外し,0.0000626292
外せ,0.0000626292
外出,0.0001252583
外国,0.0001878875
外資,0.0000626292
外部,0.0000626292
多数,0.0004384042
多用,0.0000626292
多重,0.0000626292
夜間,0.0001252583
大事,0.0000626292
大人,0.0001252583
大会,0.0001252583
大全,0.0002505167
大切,0.0004384042
大前,0.0000626292
大勝,0.0000626292
大口,0.0000626292
大場,0.0000626292
大変,0.0000626292
大学,0.0001252583
大小,0.0000626292
大幅,0.0000626292
大手,0.0004384042
大田,0.0000626292
大豆,0.0000626292
大野,0.0000626292
大量,0.0002505167
大阪,0.0010020668
天下,0.0000626292
太陽,0.0000626292
失う,0.0000626292
失態,0.0000626292
失敗,0.0004384042
失業,0.0001252583
失礼,0.0001252583
失速,0.0000626292
奇跡,0.0001252583
契約,0.0001252583
女児,0.0001252583
女子,0.0008141792
女性,0.0005010334
好き,0.0003131459
好評,0.0027556836
始め,0.0003757750
始動,0.0000626292
委託,0.0000626292
威力,0.0000626292
嫌わ,0.0001252583
子供,0.0000626292
存分,0.0000626292
存在,0.0001878875
季節,0.0001252583
学び,0.0000626292
学ぶ,0.0016909877
学ぼ,0.0001252583
学力,0.0000626292
学校,0.0001252583
学歴,0.0000626292
学生,0.0003757750
学習,0.0002505167
守り,0.0001878875
守る,0.0001878875
守れ,0.0001252583
安価,0.0000626292
安値,0.0000626292
安全,0.0009394376
安定,0.0001878875
安心,0.0004384042
安易,0.0000626292
完了,0.0000626292
完全,0.0015031001
完売,0.0001252583
完成,0.0000626292
完熟,0.0000626292
完璧,0.0001252583
定型,0.0000626292
定時,0.0000626292
定番,0.0001878875
定義,0.0001252583
定額,0.0000626292
宛名,0.0000626292
実例,0.0001252583
実像,0.0000626292
実力,0.0012525835
実務,0.0000626292
実態,0.0003131459
実施,0.0025051669
実機,0.0001252583
実現,0.0006889209
実用,0.0001252583
実行,0.0001252583
実装,0.0000626292
実践,0.0008141792
実録,0.0000626292
実験,0.0001252583
宣言,0.0000626292
宴会,0.0000626292
家庭,0.0000626292
家計,0.0000626292
家電,0.0002505167
容易,0.0000626292
容疑,0.0002505167
容量,0.0005636626
富裕,0.0001878875
富豪,0.0001252583
寝室,0.0000626292
審査,0.0000626292
寺島,0.0000626292
寺川,0.0001252583
対処,0.0001878875
対応,0.0020041335
対抗,0.0000626292
対決,0.0002505167
対策,0.0016909877
対談,0.0001878875
対象,0.0000626292
寿司,0.0002505167
寿命,0.0004384042
封じ,0.0000626292
専業,0.0000626292
専用,0.0001878875
専門,0.0003757750
将士,0.0000626292
将来,0.0000626292
導く,0.0000626292
導入,0.0010646959
小型,0.0003757750
小宮,0.0000626292
小山,0.0000626292
小沢,0.0013778418
少女,0.0001252583
尖閣,0.0000626292
就業,0.0000626292
就職,0.0001878875
局面,0.0000626292
屈し,0.0000626292
届い,0.0000626292
届き,0.0000626292
届く,0.0000626292
届け,0.0005010334
展望,0.0000626292
展示,0.0001878875
展開,0.0000626292
履歴,0.0000626292
山岸,0.0000626292
山手,0.0000626292
山田,0.0000626292
岡崎,0.0000626292
岩組,0.0000626292
島田,0.0000626292
川内,0.0000626292
川口,0.0000626292
巡り,0.0000626292
工事,0.0000626292
工場,0.0001878875
工夫,0.0001878875
工法,0.0000626292
工藤,0.0000626292
巨大,0.0002505167
差別,0.0000626292
巻き,0.0000626292
市場,0.0005636626
市立,0.0000626292
市販,0.0001252583
市長,0.0000626292
帰る,0.0000626292
帰省,0.0000626292
帳票,0.0003131459
常識,0.0002505167
平井,0.0000626292
平均,0.0006889209
平岡,0.0000626292
平等,0.0000626292
平蔵,0.0000626292
年々,0.0000626292
年収,0.0008768084
年商,0.0001252583
年始,0.0000626292
年度,0.0000626292
年末,0.0002505167
年賀,0.0000626292
年金,0.0000626292
年間,0.0001878875
年齢,0.0000626292
幹事,0.0000626292
幹部,0.0000626292
幽霊,0.0000626292
広務,0.0000626292
広告,0.0010646959
広島,0.0001252583
店員,0.0000626292
店長,0.0000626292
店頭,0.0001252583
度目,0.0001252583
座談,0.0000626292
康昌,0.0000626292
延命,0.0001252583
延長,0.0003131459
建物,0.0000626292
弁当,0.0000626292
引き,0.0002505167
引導,0.0000626292
引換,0.0005636626
引退,0.0000626292
弱点,0.0000626292
強化,0.0003131459
強敵,0.0000626292
強欲,0.0000626292
当日,0.0000626292
形式,0.0001252583
彰弘,0.0000626292
影響,0.0000626292
待っ,0.0000626292
待望,0.0001252583
後半,0.0000626292
後田,0.0000626292
後継,0.0001252583
後編,0.0000626292
後退,0.0000626292
御礼,0.0000626292
御社,0.0001252583
復元,0.0000626292
復活,0.0004384042
復興,0.0001252583
徹底,0.0025677961
心臓,0.0001252583
心配,0.0001252583
必勝,0.0001252583
必携,0.0003131459
必殺,0.0000626292
必然,0.0000626292
必要,0.0001878875
必見,0.0016909877
必読,0.0001878875
必須,0.0001252583
志向,0.0000626292
志賀,0.0000626292
忘れ,0.0001252583
応募,0.0000626292
応援,0.0002505167
快調,0.0000626292
快速,0.0000626292
快適,0.0012525835
思い,0.0001252583
思っ,0.0000626292
思わ,0.0001878875
思考,0.0000626292
急増,0.0001878875
急落,0.0000626292
急速,0.0001252583
性能,0.0003131459
恋愛,0.0000626292
恐々,0.0000626292
恐れ,0.0001878875
恐怖,0.0000626292
恵方,0.0001252583
悩み,0.0008141792
悩む,0.0001252583
悩ん,0.0000626292
悲劇,0.0001878875
悲惨,0.0000626292
情報,0.0055739964
情熱,0.0000626292
想い,0.0000626292
想像,0.0001252583
想定,0.0000626292
意味,0.0029435711
意外,0.0002505167
意見,0.0000626292
意識,0.0001252583
愛さ,0.0000626292
感じ,0.0000626292
感動,0.0001252583
感情,0.0001252583
感想,0.0000626292
感染,0.0001252583
感謝,0.0000626292
慌て,0.0000626292
憂鬱,0.0000626292
懇親,0.0000626292
懸け,0.0000626292
懸念,0.0000626292
懸賞,0.0001252583
成功,0.0008141792
成果,0.0003757750
成長,0.0003757750
我慢,0.0000626292
戦争,0.0000626292
戦国,0.0000626292
戦略,0.0013152126
戸田,0.0002505167
戻す,0.0001252583
所得,0.0000626292
手帳,0.0000626292
手段,0.0000626292
手法,0.0003757750
手相,0.0000626292
手術,0.0000626292
手軽,0.0003131459
手間,0.0001252583
手順,0.0002505167
才能,0.0000626292
打撃,0.0000626292
払い,0.0000626292
払う,0.0000626292
扱い,0.0000626292
承り,0.0001252583
技術,0.0020667627
抑止,0.0000626292
投入,0.0001252583
投票,0.0001878875
投稿,0.0003131459
投資,0.0005010334
抗議,0.0000626292
抜い,0.0000626292
抜か,0.0000626292
抜群,0.0000626292
披露,0.0000626292
抱え,0.0000626292
押し,0.0001878875
抽出,0.0000626292
抽選,0.0005010334
担当,0.0003757750
拍子,0.0001252583
拓く,0.0000626292
招く,0.0001252583
招待,0.0003757750
招聘,0.0000626292
拝見,0.0000626292
拡大,0.0000626292
拡張,0.0001252583
持ち,0.0001252583
持っ,0.0001252583
持つ,0.0000626292
持て,0.0000626292
指南,0.0000626292
指標,0.0000626292
挑む,0.0001878875
挑戦,0.0007515501
挨拶,0.0001878875
捜査,0.0000626292
捨て,0.0001878875
掃除,0.0005010334
授業,0.0000626292
授賞,0.0000626292
排除,0.0000626292
採れ,0.0000626292
採決,0.0000626292
採用,0.0003757750
採算,0.0000626292
探す,0.0001252583
探せ,0.0001878875
探る,0.0003131459
接続,0.0006889209
接近,0.0000626292
控え,0.0000626292
控除,0.0000626292
推計,0.0000626292
推進,0.0000626292
掲載,0.0001252583
揃う,0.0000626292
揃え,0.0001252583
揃っ,0.0001252583
提供,0.0011899543
提出,0.0002505167
提唱,0.0000626292
提携,0.0000626292
提案,0.0000626292
提言,0.0000626292
握る,0.0001878875
損ね,0.0000626292
搭乗,0.0000626292
搭載,0.0006889209
携帯,0.0012525835
摘出,0.0000626292
撤廃,0.0000626292
撮っ,0.0001252583
撮り,0.0001878875
撮影,0.0000626292
撲滅,0.0000626292
操る,0.0000626292
操作,0.0017536168
操縦,0.0000626292
支持,0.0000626292
支援,0.0003757750
支障,0.0000626292
改善,0.0004384042
改定,0.0000626292
改行,0.0000626292
改訂,0.0000626292
改革,0.0005636626
攻め,0.0001252583
攻撃,0.0001252583
攻略,0.0001878875
攻防,0.0000626292
放置,0.0000626292
放題,0.0000626292
政局,0.0000626292
政府,0.0001878875
政権,0.0000626292
政策,0.0001878875
故人,0.0000626292
故障,0.0000626292
敏腕,0.0001252583
救っ,0.0000626292
救出,0.0000626292
敗訴,0.0000626292
教え,0.0003757750
教室,0.0001878875
教授,0.0001252583
教育,0.0003757750
数値,0.0001252583
数字,0.0000626292
数学,0.0001252583
数式,0.0000626292
数量,0.0003131459
整形,0.0000626292
整理,0.0014404710
整頓,0.0000626292
文具,0.0001252583
文化,0.0000626292
文字,0.0005010334
文庫,0.0003131459
文書,0.0009394376
文章,0.0000626292
料理,0.0000626292
料金,0.0001252583
斜め,0.0000626292
斬る,0.0000626292
断面,0.0000626292
新た,0.0001878875
新人,0.0001252583
新作,0.0003131459
新党,0.0004384042
新入,0.0001252583
新刊,0.0001252583
新型,0.0007515501
新年,0.0001878875
新店,0.0000626292
新旧,0.0000626292
新春,0.0001252583
新潟,0.0000626292
新版,0.0000626292
新生,0.0001878875
新着,0.0001878875
新種,0.0000626292
新米,0.0000626292
新聞,0.0001878875
新規,0.0000626292
新設,0.0000626292
新車,0.0000626292
新道,0.0004384042
方法,0.0016283585
方眼,0.0000626292
施策,0.0001252583
旅行,0.0002505167
旋風,0.0000626292
日々,0.0000626292
日付,0.0000626292
日動,0.0000626292
日本,0.0025677961
日産,0.0000626292
日立,0.0003757750
日経,0.0149057431
日給,0.0000626292
日航,0.0000626292
日記,0.0001252583
日銀,0.0003131459
日間,0.0005010334
日食,0.0000626292
明け,0.0000626292
明夫,0.0000626292
明日,0.0005010334
映像,0.0003757750
映画,0.0003131459
昨年,0.0001252583
時代,0.0016283585
時短,0.0001252583
時給,0.0001878875
時計,0.0000626292
時速,0.0000626292
時間,0.0008141792
晩秋,0.0000626292
景品,0.0001252583
景気,0.0001252583
暗号,0.0000626292
暫定,0.0000626292
暴い,0.0000626292
暴か,0.0000626292
暴力,0.0000626292
曲名,0.0000626292
更新,0.0001878875
更生,0.0000626292
書き,0.0001252583
書く,0.0001878875
書け,0.0001252583
書式,0.0000626292
書籍,0.0023799086
書記,0.0001252583
書類,0.0003131459
最低,0.0000626292
最大,0.0012525835
最強,0.0002505167
最後,0.0003757750
最新,0.0072649840
最短,0.0000626292
最終,0.0003131459
最近,0.0000626292
最速,0.0003131459
最適,0.0009394376
最高,0.0002505167
月刊,0.0000626292
月収,0.0000626292
月間,0.0001252583
月額,0.0002505167
有り,0.0000626292
有効,0.0000626292
有名,0.0000626292
有料,0.0000626292
有機,0.0000626292
有無,0.0000626292
望み,0.0000626292
望む,0.0001252583
期待,0.0000626292
期間,0.0004384042
未明,0.0000626292
未来,0.0003131459
未満,0.0001252583
本丸,0.0000626292
本体,0.0000626292
本命,0.0001878875
本当,0.0003131459
本文,0.0000626292
本日,0.0032567170
本格,0.0001878875
本棚,0.0000626292
本気,0.0002505167
本社,0.0000626292
本質,0.0001252583
本邦,0.0001252583
本音,0.0003131459
杉本,0.0000626292
条件,0.0000626292
来る,0.0000626292
来場,0.0003131459
来週,0.0000626292
東京,0.0006262917
東北,0.0003131459
東芝,0.0000626292
東証,0.0001252583
東郷,0.0000626292
東電,0.0001252583
松本,0.0001878875
松田,0.0000626292
果物,0.0000626292
架空,0.0000626292
柔軟,0.0000626292
柔道,0.0005010334
栗原,0.0002505167
株主,0.0000626292
株価,0.0000626292
株式,0.0000626292
根性,0.0000626292
根来,0.0000626292
格安,0.0006262917
格差,0.0000626292
案内,0.0006889209
梅田,0.0000626292
森永,0.0001878875
検索,0.0008141792
検証,0.0005010334
業務,0.0002505167
業界,0.0007515501
業績,0.0000626292
極上,0.0000626292
極意,0.0005010334
極楽,0.0000626292
楽天,0.0001252583
楽曲,0.0001252583
概念,0.0001252583
概要,0.0003757750
構成,0.0001878875
構築,0.0005636626
様々,0.0003131459
標準,0.0001252583
標的,0.0000626292
橋下,0.0001252583
橋脚,0.0000626292
機器,0.0003757750
機械,0.0000626292
機種,0.0005010334
機能,0.0025051669
機関,0.0000626292
欠席,0.0000626292
次期,0.0005010334
次郎,0.0000626292
欧州,0.0003757750
欧米,0.0000626292
歌詞,0.0000626292
止め,0.0001252583
正体,0.0000626292
正常,0.0000626292
正式,0.0003757750
武器,0.0000626292
歴史,0.0001252583
死ぬ,0.0000626292
死ん,0.0000626292
死蔵,0.0000626292
残し,0.0001252583
残す,0.0001878875
残っ,0.0000626292
残り,0.0001878875
残る,0.0000626292
残念,0.0000626292
残業,0.0000626292
段落,0.0000626292
段階,0.0001878875
殺到,0.0000626292
毎月,0.0000626292
毎週,0.0000626292
比べ,0.0000626292
比較,0.0004384042
毛蟹,0.0000626292
民主,0.0002505167
水冷,0.0000626292
氷解,0.0000626292
永久,0.0000626292
永井,0.0001252583
求む,0.0000626292
求人,0.0005636626
汚れ,0.0000626292
池上,0.0000626292
決勝,0.0003757750
決定,0.0013152126
決断,0.0000626292
決行,0.0001252583
決裂,0.0000626292
汽船,0.0000626292
沖縄,0.0000626292
法人,0.0001878875
法則,0.0001878875
法案,0.0003131459
泣く,0.0000626292
泥沼,0.0000626292
注入,0.0000626292
注意,0.0006889209
注目,0.0020667627
泰則,0.0000626292
津波,0.0001252583
洪水,0.0001252583
活動,0.0000626292
活用,0.0073902424
活躍,0.0001252583
派生,0.0000626292
流し,0.0000626292
流出,0.0002505167
浮上,0.0000626292
海上,0.0000626292
海外,0.0001878875
海老,0.0000626292
海鮮,0.0000626292
浸水,0.0000626292
浸透,0.0001252583
消え,0.0000626292
消さ,0.0001252583
消し,0.0001878875
消去,0.0000626292
消費,0.0005010334
液晶,0.0005010334
淘汰,0.0000626292
深刻,0.0000626292
深層,0.0000626292
混在,0.0001252583
混沌,0.0000626292
添っ,0.0000626292
添削,0.0000626292
済む,0.0000626292
渋谷,0.0001252583
減ら,0.0000626292
渡し,0.0000626292
渡部,0.0000626292
温床,0.0000626292
温度,0.0000626292
満員,0.0000626292
満点,0.0001252583
満足,0.0003757750
満載,0.0005636626
準備,0.0001878875
漏れ,0.0000626292
漏洩,0.0001252583
演出,0.0000626292
演算,0.0000626292
漫才,0.0000626292
潜む,0.0001252583
潜入,0.0000626292
潮流,0.0002505167
激増,0.0000626292
激変,0.0000626292
激震,0.0000626292
濃縮,0.0000626292
災い,0.0000626292
災害,0.0003131459
炸裂,0.0000626292
点検,0.0001252583
無事,0.0000626292
無人,0.0000626292
無償,0.0001878875
無印,0.0000626292
無敵,0.0000626292
無料,0.0058245131
無理,0.0000626292
無用,0.0000626292
無線,0.0012525835
無罪,0.0000626292
無視,0.0000626292
無駄,0.0001252583
焦点,0.0000626292
焼き,0.0001878875
焼く,0.0000626292
燃料,0.0000626292
片手,0.0001878875
牧場,0.0000626292
牧野,0.0000626292
物理,0.0001252583
物語,0.0001252583
特価,0.0001252583
特典,0.0003757750
特別,0.0010020668
特大,0.0001252583
特定,0.0001252583
特色,0.0000626292
特製,0.0000626292
特許,0.0001878875
特選,0.0011273251
特集,0.0084549383
状態,0.0001252583
狂騒,0.0001252583
狙い,0.0001878875
狙う,0.0003131459
狙っ,0.0001252583
狙わ,0.0000626292
狩野,0.0000626292
独立,0.0000626292
独自,0.0000626292
王室,0.0000626292
王者,0.0001252583
現代,0.0001878875
現地,0.0000626292
現場,0.0001878875
現役,0.0001878875
現状,0.0000626292
理事,0.0001252583
理由,0.0010646959
理解,0.0006889209
環境,0.0004384042
生き,0.0000626292
生む,0.0001878875
生ん,0.0001878875
生成,0.0000626292
生活,0.0002505167
生産,0.0001252583
産業,0.0001252583
甦ら,0.0000626292
用件,0.0000626292
用心,0.0001252583
用意,0.0000626292
用紙,0.0000626292
用語,0.0001878875
用途,0.0000626292
田中,0.0001252583
田子,0.0000626292
申告,0.0001878875
申請,0.0001878875
申込,0.0019415044
男児,0.0001252583
男女,0.0001252583
男子,0.0011273251
町田,0.0001878875
画像,0.0003131459
画素,0.0000626292
画面,0.0001878875
番組,0.0000626292
異動,0.0000626292
疑え,0.0000626292
疑問,0.0008768084
疑惑,0.0000626292
疲労,0.0000626292
病院,0.0001878875
発信,0.0000626292
発券,0.0000626292
発売,0.0065134340
発展,0.0000626292
発想,0.0001252583
発揮,0.0000626292
発注,0.0001252583
発行,0.0002505167
発表,0.0008768084
発見,0.0002505167
発覚,0.0000626292
発足,0.0000626292
発送,0.0000626292
発進,0.0001878875
発電,0.0000626292
登場,0.0033193462
登壇,0.0002505167
登録,0.0005636626
白星,0.0000626292
白書,0.0001252583
白熱,0.0000626292
盗り,0.0000626292
盗聴,0.0000626292
盗難,0.0001252583
監査,0.0000626292
目玉,0.0001252583
盲点,0.0000626292
直し,0.0000626292
直す,0.0000626292
直そ,0.0000626292
直下,0.0000626292
直人,0.0000626292
直伝,0.0000626292
直前,0.0001252583
直後,0.0001252583
直接,0.0001252583
相互,0.0000626292
相場,0.0001878875
相性,0.0000626292
相撲,0.0000626292
相続,0.0000626292
相談,0.0003131459
省い,0.0000626292
真冬,0.0000626292
真意,0.0000626292
真打,0.0000626292
真相,0.0001878875
眠り,0.0000626292
睡り,0.0000626292
瞬時,0.0000626292
瞬発,0.0000626292
瞬間,0.0000626292
矛盾,0.0000626292
知っ,0.0007515501
知ら,0.0003131459
知り,0.0001252583
知る,0.0008141792
知能,0.0000626292
知見,0.0000626292
知識,0.0002505167
短期,0.0000626292
短縮,0.0001252583
短観,0.0000626292
石原,0.0000626292
研一,0.0000626292
研修,0.0001252583
研究,0.0004384042
破っ,0.0000626292
破る,0.0001252583
破れ,0.0000626292
破壊,0.0001252583
破綻,0.0000626292
硬派,0.0001252583
確保,0.0001252583
確定,0.0003757750
確実,0.0001252583
確立,0.0000626292
磨き,0.0000626292
示し,0.0000626292
社会,0.0001878875
社内,0.0001252583
社員,0.0005010334
社長,0.0004384042
神器,0.0000626292
神尾,0.0001252583
神戸,0.0001878875
神経,0.0001252583
祭典,0.0008768084
禁断,0.0000626292
福山,0.0000626292
福岡,0.0003131459
福島,0.0000626292
福袋,0.0001878875
秀平,0.0000626292
秋冬,0.0004384042
秘密,0.0002505167
秘策,0.0001252583
秘訣,0.0003757750
秘話,0.0001252583
秩序,0.0000626292
称号,0.0001252583
移動,0.0000626292
移植,0.0001252583
移行,0.0002505167
程度,0.0000626292
税制,0.0001252583
税込,0.0001252583
稼い,0.0000626292
稼ぎ,0.0000626292
稼働,0.0002505167
究極,0.0003757750
空き,0.0002505167
空前,0.0000626292
空白,0.0000626292
突破,0.0001878875
立ち,0.0001878875
立石,0.0001252583
端末,0.0007515501
競争,0.0001252583
競合,0.0000626292
競泳,0.0001252583
竹中,0.0000626292
笑う,0.0000626292
笑み,0.0000626292
筆頭,0.0000626292
管理,0.0014404710
節分,0.0000626292
節約,0.0003131459
節電,0.0007515501
簡単,0.0009394376
簡易,0.0002505167
米国,0.0002505167
粒子,0.0003757750
精神,0.0000626292
紀州,0.0000626292
約束,0.0000626292
納得,0.0001252583
純正,0.0000626292
紙屑,0.0000626292
素敵,0.0000626292
素朴,0.0001878875
素材,0.0001252583
細胞,0.0000626292
紹介,0.0018162460
紺野,0.0000626292
終了,0.0004384042
終値,0.0001252583
組織,0.0001252583
経営,0.0005010334
経歴,0.0001252583
経済,0.0000626292
経緯,0.0000626292
経路,0.0000626292
経験,0.0000626292
結婚,0.0000626292
結局,0.0000626292
結果,0.0001878875
結集,0.0001878875
給与,0.0001252583
給料,0.0000626292
給電,0.0001878875
統合,0.0005636626
絶好,0.0000626292
絶対,0.0000626292
絶賛,0.0000626292
継続,0.0001252583
続き,0.0001878875
続く,0.0001252583
続伸,0.0000626292
続出,0.0000626292
続報,0.0000626292
網羅,0.0000626292
緊急,0.0004384042
緊縮,0.0000626292
総力,0.0003131459
総務,0.0001252583
総勢,0.0000626292
総合,0.0005010334
総裁,0.0003131459
総額,0.0001878875
締切,0.0018788752
編集,0.0006262917
緩和,0.0000626292
繁盛,0.0000626292
罫線,0.0000626292
置き,0.0000626292
罰則,0.0000626292
美人,0.0000626292
美女,0.0000626292
習得,0.0000626292
老い,0.0000626292
老後,0.0000626292
耐久,0.0000626292
聞い,0.0001878875
聞か,0.0000626292
聞き,0.0001252583
聞く,0.0003757750
聞け,0.0002505167
聡美,0.0001252583
聴き,0.0000626292
聴こ,0.0000626292
職務,0.0001252583
職場,0.0000626292
職業,0.0001252583
職歴,0.0000626292
育成,0.0001252583
肺炎,0.0000626292
背中,0.0000626292
背景,0.0001878875
背泳,0.0000626292
胸中,0.0000626292
能力,0.0000626292
能動,0.0000626292
能率,0.0000626292
脅威,0.0001252583
脆弱,0.0002505167
脱却,0.0000626292
脱字,0.0000626292
脱税,0.0001252583
脳死,0.0001878875
膨張,0.0000626292
臓器,0.0000626292
自ら,0.0000626292
自作,0.0021293919
自分,0.0000626292
自動,0.0005010334
自在,0.0001252583
自宅,0.0001252583
自己,0.0000626292
自律,0.0000626292
自慢,0.0001252583
自民,0.0001252583
自炊,0.0000626292
自然,0.0000626292
自社,0.0001252583
自立,0.0001252583
自粛,0.0000626292
自腹,0.0000626292
自身,0.0000626292
至高,0.0000626292
良品,0.0000626292
花火,0.0000626292
芸人,0.0001878875
芸術,0.0000626292
若者,0.0000626292
苦悩,0.0001252583
苦節,0.0000626292
苦難,0.0000626292
英孝,0.0000626292
英文,0.0000626292
英語,0.0001252583
茶番,0.0000626292
菓子,0.0000626292
萩野,0.0000626292
落ち,0.0000626292
著作,0.0000626292
著名,0.0000626292
著者,0.0003757750
蔓延,0.0000626292
薄型,0.0001252583
薦め,0.0000626292
薬学,0.0000626292
藤井,0.0000626292
藤田,0.0000626292
融資,0.0000626292
衆参,0.0000626292
衆院,0.0003131459
行う,0.0002505167
行く,0.0000626292
行け,0.0000626292
行っ,0.0000626292
行方,0.0001878875
衝撃,0.0002505167
衝突,0.0001252583
表明,0.0000626292
表示,0.0003131459
表紙,0.0001252583
被害,0.0000626292
裁断,0.0000626292
装備,0.0000626292
裏側,0.0001252583
裏話,0.0000626292
製品,0.0011273251
製造,0.0002505167
複合,0.0008768084
複数,0.0001252583
褒め,0.0000626292
西山,0.0000626292
西村,0.0000626292
西脇,0.0000626292
要ら,0.0000626292
要件,0.0001878875
要因,0.0000626292
要求,0.0000626292
要素,0.0001252583
覆す,0.0000626292
覆る,0.0000626292
覆面,0.0000626292
覇者,0.0000626292
見え,0.0002505167
見せ,0.0005010334
見る,0.0008141792
見学,0.0000626292
見所,0.0001252583
見方,0.0000626292
規制,0.0001252583
規則,0.0000626292
規格,0.0000626292
規模,0.0003131459
視聴,0.0000626292
視覚,0.0001252583
視野,0.0001252583
覚え,0.0000626292
観る,0.0000626292
観戦,0.0000626292
観測,0.0000626292
解剖,0.0001252583
解散,0.0000626292
解明,0.0000626292
解析,0.0003757750
解決,0.0008141792
解消,0.0008141792
解説,0.0019415044
解除,0.0000626292
触る,0.0000626292
触覚,0.0000626292
言い,0.0000626292
言う,0.0000626292
言葉,0.0001252583
言語,0.0003131459
計画,0.0001252583
計算,0.0001252583
記事,0.0006262917
記念,0.0007515501
記憶,0.0001252583
記者,0.0000626292
記述,0.0000626292
記録,0.0003131459
設定,0.0005010334
設立,0.0001878875
設計,0.0004384042
許さ,0.0000626292
許せ,0.0000626292
訴訟,0.0000626292
訴追,0.0000626292
診断,0.0000626292
証明,0.0001252583
詐欺,0.0001252583
評価,0.0001252583
試し,0.0010020668
試す,0.0003757750
詰め,0.0000626292
話題,0.0003757750
詳報,0.0001252583
詳細,0.0002505167
認知,0.0000626292
認証,0.0000626292
認識,0.0000626292
誕生,0.0000626292
誘わ,0.0001252583
誘惑,0.0000626292
語る,0.0019415044
語数,0.0000626292
語源,0.0000626292
誤っ,0.0000626292
誤字,0.0000626292
誤用,0.0000626292
誤算,0.0001252583
誤解,0.0001252583
説明,0.0001252583
読み,0.0001252583
読む,0.0001878875
読め,0.0000626292
読も,0.0000626292
読ん,0.0001878875
読書,0.0001252583
読者,0.0003131459
課金,0.0000626292
課題,0.0006889209
調査,0.0004384042
請求,0.0001878875
論争,0.0000626292
講師,0.0001252583
講座,0.0014404710
講演,0.0014404710
講義,0.0001878875
謝る,0.0000626292
警告,0.0000626292
議員,0.0001252583
谷垣,0.0000626292
豪州,0.0000626292
豪華,0.0002505167
負け,0.0000626292
販促,0.0001878875
販売,0.0008141792
買い,0.0004384042
買う,0.0004384042
買え,0.0001252583
買お,0.0000626292
買っ,0.0003131459
買わ,0.0000626292
買収,0.0001252583
買物,0.0000626292
貸す,0.0000626292
費用,0.0000626292
貿易,0.0000626292
資料,0.0008768084
資格,0.0000626292
資産,0.0001878875
賞味,0.0000626292
賞品,0.0000626292
賞金,0.0000626292
質問,0.0001252583
質量,0.0000626292
購入,0.0008768084
贈る,0.0000626292
赤字,0.0001252583
走っ,0.0000626292
走り,0.0000626292
起き,0.0001252583
起動,0.0010646959
起業,0.0001878875
起源,0.0000626292
超え,0.0001878875
趣味,0.0000626292
身柄,0.0000626292
身近,0.0000626292
車両,0.0001252583
軌跡,0.0001252583
転ば,0.0000626292
転勤,0.0000626292
転換,0.0001878875
転職,0.0005010334
転落,0.0000626292
転身,0.0000626292
転送,0.0001878875
軽快,0.0000626292
軽視,0.0000626292
軽量,0.0003131459
輝度,0.0000626292
輿石,0.0001878875
辛口,0.0001252583
辞め,0.0000626292
辞任,0.0000626292
辞典,0.0000626292
込ま,0.0000626292
込み,0.0000626292
返事,0.0000626292
返信,0.0000626292
迫る,0.0010020668
迫真,0.0001878875
迷わ,0.0000626292
迷信,0.0000626292
迷宮,0.0000626292
迷惑,0.0003757750
追加,0.0005010334
追悼,0.0000626292
追撃,0.0000626292
追求,0.0000626292
退職,0.0000626292
送り,0.0000626292
送る,0.0001878875
送れ,0.0000626292
送信,0.0001878875
逃す,0.0000626292
逃亡,0.0000626292
逆転,0.0000626292
途端,0.0000626292
通信,0.0003131459
通告,0.0000626292
通知,0.0000626292
通話,0.0001252583
通販,0.0001878875
通過,0.0001252583
速効,0.0000626292
速報,0.0006889209
速度,0.0003757750
速攻,0.0001878875
造反,0.0003131459
連休,0.0000626292
連合,0.0000626292
連携,0.0003757750
連発,0.0000626292
連絡,0.0000626292
連続,0.0003131459
連覇,0.0000626292
連載,0.0003757750
逮捕,0.0001878875
週間,0.0001878875
進む,0.0001878875
進ん,0.0000626292
進出,0.0000626292
進化,0.0003757750
進呈,0.0012525835
遅れ,0.0000626292
運営,0.0004384042
運用,0.0015657293
過ぎ,0.0001252583
過去,0.0001878875
道路,0.0001252583
達人,0.0004384042
違い,0.0001878875
違う,0.0004384042
違っ,0.0000626292
違反,0.0000626292
違法,0.0001878875
遠藤,0.0001252583
適用,0.0000626292
遭っ,0.0000626292
遭難,0.0000626292
遮断,0.0000626292
選ば,0.0001252583
選び,0.0005010334
選ぶ,0.0008141792
選ん,0.0000626292
選定,0.0000626292
選択,0.0001252583
選挙,0.0001252583
選考,0.0000626292
遺し,0.0001252583
還元,0.0000626292
郊外,0.0000626292
部下,0.0001878875
部品,0.0001252583
部門,0.0001878875
都内,0.0000626292
都市,0.0001252583
都心,0.0000626292
配信,0.0005636626
配布,0.0001252583
配置,0.0001252583
重み,0.0000626292
重大,0.0000626292
重宝,0.0000626292
重箱,0.0000626292
重複,0.0000626292
重要,0.0002505167
重視,0.0000626292
野中,0.0001252583
野党,0.0000626292
野村,0.0001878875
野田,0.0000626292
野菜,0.0001878875
量産,0.0000626292
量販,0.0000626292
金利,0.0001878875
金沢,0.0000626292
金環,0.0000626292
金融,0.0005010334
鈴木,0.0001252583
鉄則,0.0001878875
鉄板,0.0000626292
鉄道,0.0001252583
鉱脈,0.0000626292
銀行,0.0001252583
銘柄,0.0000626292
録画,0.0002505167
録音,0.0001252583
鍛え,0.0000626292
鑑賞,0.0000626292
長め,0.0000626292
長期,0.0000626292
閉じ,0.0000626292
開い,0.0000626292
開く,0.0000626292
開催,0.0079539049
開始,0.0011273251
開封,0.0001252583
開幕,0.0002505167
開店,0.0000626292
開放,0.0000626292
開発,0.0057618839
開設,0.0001252583
開講,0.0000626292
間近,0.0011273251
関係,0.0003131459
関数,0.0002505167
関西,0.0003757750
関連,0.0008141792
閲覧,0.0001878875
阪大,0.0001252583
防ぐ,0.0001878875
防止,0.0000626292
防災,0.0001252583
防犯,0.0000626292
限り,0.0000626292
限定,0.0017536168
陣営,0.0000626292
除名,0.0001252583
陥っ,0.0000626292
障害,0.0000626292
隠す,0.0000626292
隠れ,0.0000626292
集め,0.0000626292
集中,0.0003131459
集合,0.0001878875
集団,0.0001252583
集客,0.0002505167
集計,0.0000626292
雇用,0.0000626292
雑誌,0.0000626292
離し,0.0000626292
離党,0.0003757750
離陸,0.0000626292
難題,0.0000626292
電力,0.0003131459
電動,0.0000626292
電卓,0.0001878875
電子,0.0028809419
電気,0.0001252583
電池,0.0002505167
電波,0.0000626292
電源,0.0002505167
電話,0.0005636626
電車,0.0000626292
震災,0.0006889209
青空,0.0000626292
静的,0.0000626292
面倒,0.0001252583
面接,0.0000626292
革命,0.0000626292
革新,0.0001252583
韓国,0.0003757750
音声,0.0001252583
音楽,0.0008141792
順位,0.0000626292
領域,0.0000626292
頻繁,0.0000626292
頼っ,0.0000626292
頼れ,0.0000626292
顧客,0.0003131459
風下,0.0000626292
食べ,0.0000626292
食卓,0.0000626292
食堂,0.0000626292
飲ん,0.0000626292
飲料,0.0000626292
養成,0.0004384042
首相,0.0000626292
首都,0.0000626292
香る,0.0000626292
駆動,0.0003757750
駆逐,0.0000626292
駆除,0.0000626292
駐車,0.0000626292
騒ぎ,0.0000626292
騒動,0.0001252583
驚き,0.0002505167
驚く,0.0001252583
驚愕,0.0000626292
驚異,0.0000626292
高め,0.0000626292
高値,0.0001252583
高度,0.0002505167
高橋,0.0001878875
高級,0.0001878875
高速,0.0023172794
高額,0.0001252583
高騰,0.0000626292
高齢,0.0000626292
魅力,0.0005636626
魅惑,0.0000626292
魔法,0.0001878875
魔術,0.0000626292
鮮度,0.0001252583
鮮明,0.0000626292
鳩山,0.0000626292
黒板,0.0000626292
龍介,0.0000626292
２月,0.0001878875
３つ,0.0001252583
５月,0.0000626292
６月,0.0005010334
７月,0.0001252583
９月,0.0000626292
ＤＢ,0.0001878875
ＥＣ,0.0000626292
ＥＵ,0.0000626292
ＦＧ,0.0000626292
ＮＹ,0.0000626292
ＰＭ,0.0001252583
あたる,0.0000626292
あなた,0.0006262917
あり方,0.0000626292
あわせ,0.0000626292
あんこ,0.0001252583
いかが,0.0000626292
いくら,0.0000626292
いたし,0.0000626292
いとう,0.0000626292
うつ病,0.0000626292
うねり,0.0000626292
おでん,0.0000626292
おやじ,0.0000626292
お世話,0.0000626292
お伝え,0.0000626292
お答え,0.0000626292
お薦め,0.0001252583
お願い,0.0000626292
かかる,0.0001878875
かける,0.0000626292
かじり,0.0000626292
かせる,0.0000626292
かなり,0.0000626292
きょう,0.0000626292
きれい,0.0000626292
こぼし,0.0001252583
さくら,0.0000626292
さらい,0.0001878875
しまう,0.0003131459
しまっ,0.0002505167
すぎる,0.0001252583
すべて,0.0003757750
すべら,0.0000626292
せまる,0.0001252583
そろっ,0.0000626292
たすき,0.0000626292
たまっ,0.0000626292
ためる,0.0000626292
だらけ,0.0000626292
ちゃん,0.0001252583
つかむ,0.0000626292
つくり,0.0000626292
つけろ,0.0000626292
つなぎ,0.0001252583
つなぐ,0.0002505167
つぶす,0.0000626292
つ折り,0.0000626292
づくり,0.0001252583
できる,0.0018162460
とおり,0.0000626292
どちら,0.0000626292
どっち,0.0001878875
どまり,0.0000626292
なくし,0.0000626292
ななめ,0.0000626292
なれる,0.0000626292
にぎり,0.0001252583
はじめ,0.0002505167
ひとり,0.0001252583
ひな型,0.0000626292
まい子,0.0000626292
まかせ,0.0000626292
まとめ,0.0001878875
まどか,0.0001252583
みずほ,0.0000626292
みんな,0.0001878875
めぐり,0.0000626292
めぐる,0.0000626292
もらう,0.0000626292
もらえ,0.0000626292
もらお,0.0001252583
やめよ,0.0000626292
やる気,0.0000626292
ゆとり,0.0001252583
られる,0.0005010334
わかり,0.0003757750
わかる,0.0007515501
アウト,0.0001878875
アップ,0.0011273251
アート,0.0000626292
インド,0.0000626292
エラー,0.0001878875
オウム,0.0000626292
オート,0.0000626292
カット,0.0000626292
カナダ,0.0000626292
カフェ,0.0001252583
カメラ,0.0001252583
カラー,0.0001878875
カード,0.0020667627
ガイド,0.0012525835
ガール,0.0000626292
キティ,0.0001878875
キムチ,0.0000626292
キュー,0.0000626292
キレイ,0.0001252583
ギフト,0.0001252583
クイズ,0.0002505167
クック,0.0000626292
クラブ,0.0000626292
クリア,0.0001252583
グッズ,0.0006889209
グラス,0.0001878875
グラフ,0.0001878875
グリー,0.0003131459
ケーキ,0.0002505167
ケース,0.0002505167
ゲリラ,0.0000626292
ゲージ,0.0000626292
ゲーム,0.0006889209
コスト,0.0004384042
コナン,0.0000626292
コピー,0.0003131459
コラム,0.0013778418
コンボ,0.0000626292
コース,0.0001252583
コード,0.0002505167
ゴルフ,0.0000626292
サイト,0.0015031001
サマー,0.0000626292
サラダ,0.0001252583
サーチ,0.0001252583
サーバ,0.0003757750
シェア,0.0000626292
シニア,0.0000626292
シンク,0.0000626292
シール,0.0000626292
スカイ,0.0000626292
スキル,0.0009394376
スター,0.0001252583
スパイ,0.0000626292
スピン,0.0000626292
ズーム,0.0001878875
セット,0.0008141792
セブン,0.0005010334
セミナ,0.0002505167
セルフ,0.0000626292
センス,0.0000626292
センタ,0.0000626292
セール,0.0001252583
ソニー,0.0006889209
ソフト,0.0030688295
ソース,0.0002505167
タッチ,0.0001878875
ダウン,0.0000626292
ダブル,0.0001252583
チップ,0.0000626292
チョコ,0.0000626292
チーム,0.0003131459
ツアー,0.0000626292
ツリー,0.0000626292
ツール,0.0017536168
ティム,0.0000626292
テスト,0.0006889209
テレビ,0.0004384042
テレ朝,0.0000626292
テーマ,0.0002505167
デスク,0.0003131459
データ,0.0044466713
トップ,0.0004384042
トマト,0.0000626292
トヨタ,0.0001878875
ドコモ,0.0008141792
ドラマ,0.0001252583
ニコン,0.0000626292
ニーズ,0.0001252583
ネット,0.0024425377
ノート,0.0028183128
ハイク,0.0000626292
ハロー,0.0001878875
バイト,0.0000626292
バック,0.0000626292
バリー,0.0001252583
バンド,0.0000626292
パズル,0.0000626292
パック,0.0000626292
パッチ,0.0000626292
パネル,0.0001252583
パルコ,0.0000626292
パワー,0.0001252583
パンダ,0.0000626292
パーツ,0.0007515501
パート,0.0000626292
ヒルズ,0.0000626292
ヒント,0.0001878875
ビッグ,0.0014404710
ビット,0.0000626292
ビデオ,0.0008768084
ピント,0.0000626292
ファン,0.0000626292
フェア,0.0001878875
フォト,0.0000626292
フォン,0.0022546502
フリー,0.0014404710
ブック,0.0007515501
ブルー,0.0003131459
ブース,0.0001252583
プラグ,0.0001252583
プラス,0.0001878875
プラン,0.0006889209
ヘッド,0.0002505167
ベスト,0.0008141792
ベンチ,0.0000626292
ページ,0.0005636626
ホンダ,0.0001252583
ホント,0.0000626292
ホーム,0.0001878875
ボウル,0.0001252583
ボード,0.0002505167
マクロ,0.0000626292
マザー,0.0002505167
マシン,0.0000626292
マスタ,0.0000626292
マッハ,0.0000626292
マップ,0.0001252583
マナー,0.0001252583
マルイ,0.0000626292
マルチ,0.0003131459
マンガ,0.0003757750
マーク,0.0000626292
ミラー,0.0001252583
ムード,0.0000626292
メダル,0.0001252583
メトロ,0.0001252583
メンテ,0.0000626292
メール,0.0053861088
モデル,0.0022546502
モード,0.0002505167
モール,0.0000626292
ヤフー,0.0003131459
ヤマダ,0.0000626292
ユーザ,0.0001878875
ライブ,0.0001252583
ライン,0.0000626292
ラガー,0.0000626292
ラジオ,0.0000626292
ラット,0.0000626292
ラベル,0.0001878875
リアル,0.0002505167
リコー,0.0000626292
リスク,0.0001878875
リスト,0.0001252583
リッチ,0.0000626292
リボン,0.0002505167
リンク,0.0001252583
リング,0.0000626292
ルーム,0.0000626292
レッツ,0.0000626292
レベル,0.0001252583
レンズ,0.0000626292
ロガー,0.0000626292
ロシア,0.0000626292
ロック,0.0003131459
ワーク,0.0001878875
ワード,0.0001252583
一太郎,0.0000626292
上がる,0.0001252583
上回る,0.0000626292
下がる,0.0000626292
下回る,0.0000626292
下支え,0.0000626292
不信任,0.0000626292
不可解,0.0000626292
不用意,0.0000626292
中国人,0.0000626292
丸の内,0.0000626292
事始め,0.0000626292
京セラ,0.0000626292
今さら,0.0000626292
今どき,0.0000626292
仕組み,0.0002505167
付せん,0.0000626292
代わり,0.0000626292
伝える,0.0001252583
佐々木,0.0002505167
作り方,0.0003757750
作れる,0.0001252583
使い方,0.0014404710
使える,0.0015031001
値上げ,0.0000626292
備える,0.0003757750
儲かり,0.0000626292
儲かる,0.0000626292
儲ける,0.0000626292
先取り,0.0000626292
先回り,0.0000626292
先駆け,0.0000626292
光一郎,0.0000626292
全日空,0.0001252583
八百長,0.0000626292
公務員,0.0000626292
六本木,0.0000626292
内務省,0.0000626292
冷やし,0.0000626292
処方箋,0.0000626292
出会い,0.0000626292
出会っ,0.0000626292
出来事,0.0000626292
分かっ,0.0003757750
分かり,0.0000626292
分かる,0.0003131459
分ける,0.0001252583
切れる,0.0000626292
初心者,0.0001878875
利下げ,0.0001252583
制する,0.0000626292
刺さる,0.0000626292
動かす,0.0001878875
勝てる,0.0000626292
勢揃い,0.0000626292
北朝鮮,0.0001252583
北海道,0.0001252583
半導体,0.0001252583
博物館,0.0000626292
参議院,0.0000626292
双眼鏡,0.0000626292
取れる,0.0000626292
取締役,0.0000626292
口コミ,0.0001252583
合わせ,0.0000626292
同期生,0.0001252583
名古屋,0.0001252583
和歌山,0.0000626292
図書館,0.0001252583
国内外,0.0000626292
土曜日,0.0000626292
圧倒的,0.0000626292
地上波,0.0000626292
城下町,0.0000626292
増える,0.0000626292
増やし,0.0001252583
増やす,0.0000626292
売れる,0.0000626292
売れ筋,0.0000626292
変えよ,0.0000626292
変える,0.0001878875
変わっ,0.0001878875
変わる,0.0006262917
夏休み,0.0001252583
大丈夫,0.0001252583
大人気,0.0002505167
大学生,0.0000626292
大震災,0.0001878875
失せる,0.0000626292
失せ物,0.0000626292
失敗談,0.0000626292
女子大,0.0001252583
始まっ,0.0000626292
始まり,0.0001252583
始まる,0.0002505167
始めよ,0.0000626292
始める,0.0005010334
子ども,0.0000626292
子会社,0.0000626292
学べる,0.0003131459
宇多田,0.0000626292
宇宙船,0.0000626292
完ぺき,0.0001252583
宝くじ,0.0000626292
富士通,0.0003131459
富山大,0.0000626292
小型車,0.0000626292
小規模,0.0001878875
尽くし,0.0000626292
居酒屋,0.0000626292
山分け,0.0003757750
差出人,0.0000626292
干ばつ,0.0000626292
平泳ぎ,0.0001252583
年賀状,0.0008141792
年越し,0.0000626292
広がっ,0.0000626292
広がる,0.0001878875
広げる,0.0000626292
延ばす,0.0000626292
弁護士,0.0000626292
引越し,0.0001252583
引越す,0.0000626292
当たる,0.0023172794
当てよ,0.0000626292
役立ち,0.0000626292
役立っ,0.0000626292
役立つ,0.0003757750
得する,0.0002505167
御用達,0.0000626292
微笑み,0.0000626292
徹底的,0.0000626292
忘年会,0.0000626292
応える,0.0001252583
恐怖症,0.0000626292
感じる,0.0000626292
慶応大,0.0000626292
戸建て,0.0000626292
手ごろ,0.0000626292
手入れ,0.0000626292
手書き,0.0003757750
押さえ,0.0000626292
拡がる,0.0000626292
指せる,0.0000626292
振るわ,0.0000626292
捨てる,0.0000626292
掲げる,0.0000626292
支える,0.0003131459
支払い,0.0000626292
放射線,0.0000626292
教える,0.0001878875
教え子,0.0000626292
教科書,0.0003131459
新幹線,0.0000626292
新横浜,0.0000626292
方程式,0.0000626292
日本円,0.0000626292
日本語,0.0001878875
明かさ,0.0000626292
明かす,0.0001252583
明らか,0.0000626292
晴らす,0.0000626292
暮らし,0.0001252583
暮らせ,0.0000626292
書き方,0.0001252583
最低限,0.0000626292
最先端,0.0001878875
最前線,0.0004384042
最大限,0.0001252583
最小限,0.0000626292
有識者,0.0001252583
東日本,0.0001878875
東横線,0.0000626292
格下げ,0.0001878875
極める,0.0003131459
楽しみ,0.0001252583
楽しむ,0.0002505167
楽しも,0.0000626292
楽しん,0.0000626292
次世代,0.0003757750
止まり,0.0001252583
民主党,0.0001252583
気持ち,0.0000626292
氷河期,0.0000626292
永田町,0.0001252583
求める,0.0000626292
決まる,0.0000626292
決める,0.0001252583
決め手,0.0000626292
活かし,0.0001252583
活かそ,0.0000626292
浴びる,0.0000626292
消える,0.0000626292
済ます,0.0001252583
準決勝,0.0000626292
漏えい,0.0001878875
漏らし,0.0000626292
焼ける,0.0000626292
狂想曲,0.0000626292
玉ノ井,0.0000626292
生かす,0.0000626292
生まれ,0.0000626292
申込み,0.0001878875
画期的,0.0000626292
目指す,0.0001252583
目指せ,0.0003131459
直せる,0.0000626292
相次ぎ,0.0000626292
相次ぐ,0.0000626292
省エネ,0.0001252583
真っ赤,0.0000626292
真夜中,0.0000626292
眠れる,0.0001252583
知らず,0.0000626292
研究所,0.0000626292
破れる,0.0000626292
破天荒,0.0000626292
神奈川,0.0000626292
秋葉原,0.0001252583
税務署,0.0000626292
空ける,0.0000626292
紐解く,0.0000626292
素粒子,0.0000626292
終わる,0.0000626292
組込み,0.0001878875
結婚式,0.0000626292
絵巻物,0.0000626292
続ける,0.0001878875
綱引き,0.0000626292
締切り,0.0000626292
置き場,0.0000626292
考える,0.0005010334
考え方,0.0000626292
聴ける,0.0000626292
背泳ぎ,0.0000626292
腕時計,0.0000626292
膨らむ,0.0000626292
自動車,0.0000626292
自治体,0.0002505167
舞台裏,0.0002505167
芸能人,0.0000626292
英単語,0.0001252583
落とし,0.0000626292
落とす,0.0000626292
虎の子,0.0000626292
行く末,0.0000626292
表彰状,0.0000626292
袋小路,0.0000626292
西日本,0.0000626292
見える,0.0004384042
見かけ,0.0000626292
見つけ,0.0001252583
見出し,0.0000626292
見分け,0.0000626292
見抜く,0.0000626292
見栄え,0.0001252583
見直し,0.0000626292
見直そ,0.0000626292
見送り,0.0001252583
見逃す,0.0001252583
見通し,0.0000626292
見限っ,0.0000626292
覚える,0.0001878875
解ける,0.0000626292
解像度,0.0001252583
言い訳,0.0000626292
許せる,0.0000626292
試せる,0.0000626292
試そう,0.0000626292
試みる,0.0000626292
試験管,0.0000626292
話せる,0.0000626292
読める,0.0001878875
警視庁,0.0000626292
豚まん,0.0000626292
買い得,0.0001252583
買い方,0.0001252583
買い物,0.0003131459
買える,0.0001878875
買上げ,0.0001252583
資生堂,0.0000626292
贈れる,0.0000626292
起こさ,0.0000626292
超える,0.0003131459
足かせ,0.0000626292
辞める,0.0000626292
迫れる,0.0000626292
送れる,0.0000626292
透ける,0.0000626292
途切れ,0.0000626292
過半数,0.0000626292
選び方,0.0000626292
鍛えよ,0.0000626292
長持ち,0.0003757750
長期間,0.0000626292
長谷川,0.0000626292
間取り,0.0000626292
間違い,0.0001252583
間違っ,0.0001252583
隅田川,0.0000626292
際立つ,0.0000626292
集める,0.0001252583
雰囲気,0.0000626292
震える,0.0000626292
霞が関,0.0000626292
頼れる,0.0000626292
食べる,0.0000626292
馳せる,0.0000626292
騒がせ,0.0000626292
高まる,0.0002505167
高める,0.0006889209
高性能,0.0001252583
龍太郎,0.0000626292
ＢＭＷ,0.0000626292
ＧＤＰ,0.0000626292
ＩＢＭ,0.0005636626
ＪＴＢ,0.0000626292
ＮＥＣ,0.0000626292
ＯＦＦ,0.0000626292
ＳＥＣ,0.0000626292
あきらめ,0.0000626292
あれこれ,0.0001252583
いにしえ,0.0000626292
おさらば,0.0000626292
おすすめ,0.0000626292
おにぎり,0.0001252583
おぼえる,0.0000626292
お披露目,0.0000626292
お父さん,0.0000626292
お知らせ,0.0021920210
お買い得,0.0002505167
かきあげ,0.0000626292
からくり,0.0000626292
きっかけ,0.0001252583
ください,0.0000626292
こだわり,0.0001878875
ささやく,0.0000626292
さばける,0.0000626292
すり替え,0.0000626292
たっぷり,0.0001252583
つかえる,0.0001252583
つながら,0.0000626292
つながる,0.0004384042
つなげる,0.0000626292
つぶやく,0.0000626292
とことん,0.0001878875
ともなう,0.0001252583
なでしこ,0.0005636626
ならでは,0.0000626292
にんにく,0.0000626292
ぬるま湯,0.0000626292
はじめる,0.0000626292
ひもとく,0.0000626292
びっくり,0.0000626292
ふっとば,0.0000626292
ほんとう,0.0000626292
まとめる,0.0001252583
もたらす,0.0000626292
もらえる,0.0006889209
やりとり,0.0000626292
アイテム,0.0001878875
アイデア,0.0000626292
アイドル,0.0001252583
アイビー,0.0000626292
アクセス,0.0001878875
アシスト,0.0000626292
アダルト,0.0000626292
アップル,0.0012525835
アドレス,0.0000626292
アナログ,0.0000626292
アパレル,0.0000626292
アマゾン,0.0001878875
アメーバ,0.0000626292
アルバム,0.0000626292
アンテナ,0.0000626292
イタリア,0.0000626292
イベント,0.0021293919
イラスト,0.0000626292
インテル,0.0008141792
インフラ,0.0003131459
ウィルス,0.0000626292
ウイルス,0.0005010334
ウォーク,0.0001252583
ウルトラ,0.0000626292
エジプト,0.0000626292
エディタ,0.0000626292
オススメ,0.0001878875
オフィス,0.0001252583
オーバー,0.0001252583
オープン,0.0001252583
カセット,0.0001878875
カタログ,0.0003131459
カリスマ,0.0001878875
カルビー,0.0000626292
カルピス,0.0001252583
カンタン,0.0003131459
カーナビ,0.0000626292
キャリア,0.0003757750
キヤノン,0.0000626292
キーマン,0.0001878875
ギリシャ,0.0001878875
クイック,0.0001252583
クリック,0.0001878875
クロック,0.0000626292
クーポン,0.0007515501
クーラー,0.0001878875
グループ,0.0000626292
グレード,0.0001252583
ケーブル,0.0000626292
コマンド,0.0000626292
コメント,0.0000626292
コンビニ,0.0001252583
コーヒー,0.0001878875
ゴールド,0.0000626292
サッカー,0.0005636626
サポート,0.0004384042
サミット,0.0000626292
サンプル,0.0001252583
サーバー,0.0002505167
サービス,0.0013152126
システム,0.0011273251
シナリオ,0.0001252583
シャット,0.0000626292
シャープ,0.0001252583
ショップ,0.0001252583
シリーズ,0.0001878875
シンプル,0.0000626292
ジェット,0.0000626292
ジャスト,0.0000626292
ジョブズ,0.0003131459
スイッチ,0.0000626292
スキャン,0.0001878875
スクラム,0.0001878875
スクール,0.0000626292
スケール,0.0001878875
スタイル,0.0001878875
スタート,0.0007515501
スパコン,0.0000626292
スピード,0.0001252583
スペイン,0.0003131459
スポット,0.0000626292
スマート,0.0024425377
スレート,0.0001878875
スーパー,0.0001878875
セコイア,0.0000626292
セミナー,0.0087680842
セレクト,0.0001252583
センター,0.0002505167
ソユーズ,0.0000626292
ソーラー,0.0000626292
タイトル,0.0000626292
ダッシュ,0.0000626292
ダントツ,0.0000626292
チェック,0.0013778418
チェーン,0.0000626292
チケット,0.0000626292
チャンス,0.0005636626
テキスト,0.0000626292
テーブル,0.0001252583
デザイン,0.0010020668
デジタル,0.0010020668
デバイス,0.0000626292
トピック,0.0000626292
トラップ,0.0000626292
トラブル,0.0000626292
トランク,0.0000626292
トレイン,0.0000626292
トレンド,0.0001878875
ドライブ,0.0008768084
ドラゴン,0.0002505167
ナンバー,0.0000626292
ニッポン,0.0001252583
ニュース,0.0003757750
ネクタイ,0.0000626292
ノウハウ,0.0010020668
ハッカー,0.0000626292
ハッシュ,0.0000626292
ハンター,0.0001252583
バルーン,0.0000626292
バンドル,0.0000626292
パソコン,0.0110853636
パーティ,0.0001252583
ビジネス,0.0036324920
ファイル,0.0010646959
フィルタ,0.0001252583
フィルム,0.0000626292
フェイス,0.0004384042
フォーム,0.0000626292
フランス,0.0000626292
フレーズ,0.0000626292
フレーム,0.0002505167
フロント,0.0000626292
ブックス,0.0000626292
ブラジル,0.0000626292
ブランド,0.0001252583
ブリッジ,0.0000626292
プラチナ,0.0001252583
プレゼン,0.0004384042
プレート,0.0000626292
プロセス,0.0001878875
ベルギー,0.0000626292
ホルダー,0.0000626292
ボクサー,0.0000626292
ボックス,0.0001252583
ボーナス,0.0003757750
ポイント,0.0040708962
ポルシェ,0.0000626292
マイナス,0.0000626292
マガジン,0.0005636626
マジック,0.0001252583
マスター,0.0002505167
マーカー,0.0000626292
ムービー,0.0001878875
メディア,0.0002505167
メドレー,0.0000626292
メニュー,0.0001252583
メモリー,0.0012525835
メリット,0.0003131459
メーカー,0.0003757750
メートル,0.0000626292
モノクロ,0.0002505167
モバイル,0.0024425377
モルガン,0.0000626292
モロッコ,0.0000626292
ユニット,0.0001252583
ユニーク,0.0001252583
ユーザー,0.0009394376
ライバル,0.0000626292
ランタン,0.0000626292
ラーメン,0.0000626292
リスキー,0.0000626292
リストラ,0.0001878875
リリース,0.0008768084
ルー大柴,0.0000626292
レコード,0.0000626292
レビュー,0.0017536168
レポート,0.0008768084
レーザー,0.0003757750
レーベル,0.0000626292
ロボット,0.0000626292
ロンドン,0.0002505167
ローカル,0.0000626292
ローソン,0.0046971880
中華まん,0.0000626292
久しぶり,0.0001252583
乗り入れ,0.0000626292
乗り切っ,0.0000626292
乗り切る,0.0001252583
乗り換え,0.0001252583
乗り越え,0.0000626292
仕分ける,0.0000626292
付き合う,0.0000626292
位置付け,0.0000626292
使い分け,0.0000626292
使い切る,0.0000626292
使い勝手,0.0003757750
使い込ん,0.0000626292
値下がり,0.0000626292
八方美人,0.0000626292
分かれ目,0.0000626292
勘どころ,0.0000626292
勝ち取れ,0.0000626292
勢ぞろい,0.0001252583
十種競技,0.0000626292
取り戻し,0.0000626292
取り戻す,0.0000626292
取り残さ,0.0000626292
取り組み,0.0001252583
取り組む,0.0000626292
取り込ん,0.0000626292
取り除く,0.0000626292
受け入れ,0.0000626292
呼び出す,0.0000626292
売り切れ,0.0000626292
変わり種,0.0000626292
大塚商会,0.0002505167
大王製紙,0.0000626292
大飯原発,0.0001878875
尖閣諸島,0.0000626292
巻き返す,0.0000626292
年末年始,0.0003131459
延ばせる,0.0000626292
引き出す,0.0001878875
引き分け,0.0000626292
引き受け,0.0000626292
引き立て,0.0000626292
引っ越し,0.0001252583
当たり前,0.0000626292
役に立っ,0.0000626292
役に立つ,0.0000626292
思い出せ,0.0000626292
成り立ち,0.0000626292
手がける,0.0000626292
打ち上げ,0.0000626292
折り畳み,0.0000626292
折り畳ん,0.0000626292
折り返し,0.0000626292
押さえる,0.0000626292
持ち出そ,0.0000626292
持ち歩く,0.0000626292
持ち込む,0.0000626292
振り返る,0.0001252583
振り返ろ,0.0000626292
据え置き,0.0000626292
救い出せ,0.0000626292
早変わり,0.0001252583
映し出す,0.0000626292
時代遅れ,0.0001878875
書き込み,0.0001252583
期限切れ,0.0000626292
株式会社,0.0000626292
歌舞伎町,0.0000626292
歯ブラシ,0.0000626292
浜岡原発,0.0001252583
消しゴム,0.0000626292
済ませる,0.0000626292
狙われる,0.0000626292
生き残り,0.0000626292
生き残る,0.0000626292
生き残れ,0.0000626292
生みの親,0.0000626292
生み出す,0.0000626292
申し込み,0.0001878875
盛り込ま,0.0000626292
知り合い,0.0000626292
立ち読み,0.0001878875
絞り込ん,0.0000626292
総ざらい,0.0000626292
締め切り,0.0000626292
自由自在,0.0002505167
落とし穴,0.0003131459
見つから,0.0000626292
見つかる,0.0001252583
見どころ,0.0001878875
見分ける,0.0000626292
解き放て,0.0000626292
買い上げ,0.0001252583
買い取り,0.0001252583
貸し出す,0.0000626292
赤ちゃん,0.0000626292
追い詰め,0.0000626292
酔っ払い,0.0000626292
重量挙げ,0.0000626292
金メダル,0.0001252583
銀メダル,0.0003757750
銅メダル,0.0003757750
間に合い,0.0000626292
間に合う,0.0001878875
Ｔシャツ,0.0000626292
おせっかい,0.0000626292
お気に入り,0.0000626292
たたき込む,0.0000626292
たどり着く,0.0000626292
よみがえる,0.0000626292
アカウント,0.0001252583
アクティブ,0.0000626292
アダプター,0.0000626292
アドバイス,0.0000626292
アプローチ,0.0000626292
アポイント,0.0000626292
アンケート,0.0013152126
ウォール街,0.0000626292
エディター,0.0000626292
エネルギー,0.0000626292
エンジニア,0.0010020668
エントリー,0.0002505167
オフライン,0.0000626292
オフロード,0.0000626292
オプション,0.0000626292
オホーツク,0.0000626292
オリジナル,0.0005636626
オリンパス,0.0002505167
オンライン,0.0010646959
カメラマン,0.0000626292
カレンダー,0.0000626292
ガラパゴス,0.0001878875
キャピタル,0.0001252583
キリギリス,0.0000626292
キーボード,0.0003131459
キーワード,0.0000626292
クリスマス,0.0001878875
グランプリ,0.0001252583
グローバル,0.0002505167
コシヒカリ,0.0000626292
コンクール,0.0000626292
コンテスト,0.0003757750
コンテンツ,0.0005636626
コンパクト,0.0001878875
サザエさん,0.0000626292
サジェスト,0.0000626292
スキャナー,0.0002505167
スティーブ,0.0001878875
ストラウス,0.0000626292
ストレージ,0.0003131459
スポンサー,0.0002505167
セッション,0.0011273251
タイミング,0.0000626292
タブレット,0.0013152126
チャレンジ,0.0001252583
チューナー,0.0001878875
テクニック,0.0010020668
テレビ東京,0.0000626292
デメリット,0.0000626292
トライアル,0.0000626292
ドラえもん,0.0001252583
ドライバー,0.0000626292
ネイティブ,0.0000626292
ハイウェイ,0.0000626292
ハイエンド,0.0000626292
ハイライト,0.0003131459
バタフライ,0.0001252583
バッテリー,0.0003757750
バージョン,0.0000626292
バーチャル,0.0000626292
パスワード,0.0001252583
パッケージ,0.0000626292
ヒューマン,0.0001252583
ビジュアル,0.0000626292
ピラミッド,0.0000626292
ファイター,0.0000626292
フィリピン,0.0000626292
フェラーリ,0.0000626292
フォーラム,0.0001252583
フジテレビ,0.0000626292
フラッシュ,0.0000626292
ブラウザー,0.0000626292
プリンター,0.0035072337
プレゼント,0.0012525835
プレビュー,0.0001878875
プレミアム,0.0000626292
プログラマ,0.0002505167
プログラム,0.0001252583
ベスト電器,0.0000626292
マイニング,0.0000626292
マニュアル,0.0001878875
マネージャ,0.0001878875
ミャンマー,0.0000626292
メッセージ,0.0000626292
モデリング,0.0000626292
モンスター,0.0001878875
ヤマダ電機,0.0000626292
ライセンス,0.0000626292
ラスベガス,0.0000626292
ランキング,0.0003757750
リアリティ,0.0000626292
レイアウト,0.0000626292
レコーダー,0.0001252583
ロート製薬,0.0000626292
ワイヤレス,0.0001878875
乗り換える,0.0001252583
使いこなし,0.0001878875
使いこなす,0.0001252583
使いこなせ,0.0000626292
光ディスク,0.0000626292
冷やし中華,0.0000626292
単体テスト,0.0001878875
塗り替える,0.0000626292
押し寄せる,0.0000626292
持ち歩ける,0.0000626292
東南アジア,0.0000626292
組み合わせ,0.0000626292
たたき起こせ,0.0000626292
アップデート,0.0001878875
アドバイザー,0.0000626292
アンプラグド,0.0001252583
アーチェリー,0.0001252583
アーティスト,0.0000626292
インサイダー,0.0000626292
インストール,0.0003131459
インタビュー,0.0005636626
インドネシア,0.0000626292
ウィンドウズ,0.0006262917
エージェント,0.0001878875
オウム真理教,0.0000626292
オブジェクト,0.0000626292
オリンピック,0.0001878875
オンパレード,0.0000626292
オークション,0.0000626292
カウンセラー,0.0000626292
キャンペーン,0.0017536168
ゲストハウス,0.0000626292
コレクション,0.0001878875
コーディング,0.0000626292
サンシャイン,0.0000626292
シミュレータ,0.0000626292
ショッピング,0.0002505167
スタイリング,0.0000626292
セキュリティ,0.0014404710
ソフトウェア,0.0007515501
ソフトバンク,0.0002505167
ダイジェスト,0.0000626292
ダウンロード,0.0005636626
チェックイン,0.0000626292
チャンピオン,0.0000626292
チョコレート,0.0000626292
テクノロジー,0.0001878875
テンプレート,0.0000626292
ディスプレイ,0.0001878875
ディレクター,0.0000626292
デベロッパー,0.0001878875
データベース,0.0003757750
トウモロコシ,0.0000626292
トラッキング,0.0000626292
トレーニング,0.0001252583
ドキュメント,0.0001252583
ニューヨーク,0.0000626292
ネットワーク,0.0001252583
ハイブリッド,0.0001252583
バックアップ,0.0009394376
バドミントン,0.0000626292
パナソニック,0.0003131459
パラメーター,0.0000626292
パワーアップ,0.0000626292
パーフェクト,0.0000626292
ビックカメラ,0.0001252583
ピークシフト,0.0000626292
ファイリング,0.0001878875
フィリップス,0.0000626292
フェアプレー,0.0000626292
フレキシブル,0.0000626292
プライベート,0.0000626292
プランニング,0.0000626292
プロジェクト,0.0001252583
プロバイダー,0.0000626292
ボランティア,0.0000626292
マクドナルド,0.0001252583
マニフェスト,0.0000626292
マネジメント,0.0000626292
マネージャー,0.0000626292
マルチユース,0.0000626292
ミュージック,0.0000626292
ムーディーズ,0.0001252583
ラインナップ,0.0001252583
リアルタイム,0.0000626292
リニューアル,0.0000626292
レベルアップ,0.0001252583
女子栄養大学,0.0000626292
生まれ変わっ,0.0000626292
盛りだくさん,0.0000626292
アドベンチャー,0.0001252583
アーキテクチャ,0.0001252583
イノベーション,0.0001252583
インクジェット,0.0006889209
インタフェース,0.0000626292
インターネット,0.0002505167
カンファレンス,0.0006262917
グラフィックス,0.0001252583
コミュニティー,0.0001252583
コンサルタント,0.0000626292
コンポーネント,0.0000626292
ザ・ビートルズ,0.0000626292
ショートカット,0.0001252583
シリコンバレー,0.0001252583
ジャーナリスト,0.0000626292
セキュリティー,0.0000626292
デベロッパーズ,0.0000626292
ドラッグストア,0.0000626292
ハードディスク,0.0001878875
バインディング,0.0000626292
パフォーマンス,0.0002505167
ビデオレンタル,0.0000626292
フィードバック,0.0000626292
フェスティバル,0.0003131459
フレッシュマン,0.0000626292
プログラミング,0.0004384042
プロジェクター,0.0002505167
プロモーション,0.0001252583
マイクロソフト,0.0002505167
マーケティング,0.0012525835
ユーティリティ,0.0000626292
ヨドバシカメラ,0.0000626292
ワークショップ,0.0001252583
アプリケーション,0.0007515501
アレクサンドリア,0.0000626292
インテリジェンス,0.0001252583
エンタープライズ,0.0001252583
シミュレーション,0.0002505167
ジェネレーション,0.0002505167
ジャストシステム,0.0000626292
セールスポイント,0.0000626292
ディスカッション,0.0000626292
バージョンアップ,0.0001252583
プラットフォーム,0.0000626292
エプソンダイレクト,0.0000626292
コミュニケーション,0.0000626292
東京モーターショー,0.0000626292
エンターテインメント,0.0000626292
コストパフォーマンス,0.0000626292
