い,0.0075471698
き,0.0113207547
こ,0.0037735849
し,0.0377358491
一,0.0113207547
中,0.0037735849
会,0.0716981132
出,0.0037735849
席,0.0037735849
年,0.0037735849
度,0.0037735849
月,0.0037735849
次,0.0075471698
残,0.0037735849
水,0.0075471698
食,0.0037735849
０,0.0037735849
１,0.0037735849
２,0.0075471698
あっ,0.0037735849
あり,0.0037735849
お話,0.0113207547
する,0.0075471698
ため,0.0037735849
はこ,0.0037735849
マイ,0.0075471698
ミク,0.0037735849
ロス,0.0037735849
一部,0.0037735849
上場,0.0037735849
世界,0.0037735849
予約,0.0113207547
企業,0.0264150943
会社,0.0415094340
公立,0.0037735849
再送,0.0075471698
制御,0.0037735849
協賛,0.0150943396
受付,0.0037735849
古河,0.0037735849
合同,0.0075471698
大学,0.0075471698
対応,0.0037735849
就職,0.0113207547
応募,0.0037735849
情報,0.0113207547
技術,0.0037735849
採用,0.0037735849
攻略,0.0075471698
新た,0.0037735849
日々,0.0037735849
日経,0.0037735849
明日,0.0075471698
未来,0.0113207547
札幌,0.0075471698
東京,0.0037735849
東証,0.0037735849
案内,0.0452830189
求人,0.0037735849
活動,0.0037735849
災害,0.0037735849
登録,0.0075471698
着信,0.0037735849
社会,0.0037735849
空き,0.0037735849
筆記,0.0075471698
締切,0.0037735849
聞き,0.0113207547
記事,0.0226415094
試験,0.0075471698
説明,0.0716981132
講堂,0.0075471698
豊か,0.0037735849
貢献,0.0037735849
越し,0.0037735849
連絡,0.0037735849
開催,0.0113207547
間近,0.0037735849
関東,0.0037735849
関西,0.0037735849
ＩＤ,0.0075471698
いたし,0.0037735849
お待ち,0.0075471698
お願い,0.0075471698
したい,0.0037735849
アップ,0.0226415094
クルマ,0.0037735849
ページ,0.0075471698
ライブ,0.0075471698
リード,0.0037735849
下さい,0.0037735849
世の中,0.0037735849
北海道,0.0037735849
富士通,0.0490566038
新日鉄,0.0037735849
暮らし,0.0037735849
空気圧,0.0037735849
ＣＳＫ,0.0037735849
ＳＭＣ,0.0075471698
おしらせ,0.0075471698
お知らせ,0.0150943396
みなさま,0.0037735849
みなさん,0.0037735849
グループ,0.0037735849
サービス,0.0188679245
メーカー,0.0037735849
株式会社,0.0226415094
エントリー,0.0075471698
メッセージ,0.0037735849
ソフトウェア,0.0037735849
ソフトバンク,0.0075471698
テクノロジー,0.0037735849
インフォメーション,0.0037735849
