い,0.0005204945
き,0.0000650618
こ,0.0016265452
さ,0.0013012362
し,0.0047495120
す,0.0000650618
せ,0.0002602472
の,0.0004554327
れ,0.0009759271
ろ,0.0001301236
ん,0.0003253090
・,0.0003253090
一,0.0008458035
七,0.0000650618
三,0.0003253090
上,0.0000650618
中,0.0020169161
丸,0.0000650618
主,0.0001301236
二,0.0003253090
五,0.0001301236
京,0.0000650618
人,0.0004554327
他,0.0001951854
件,0.0013662980
任,0.0003253090
休,0.0001301236
会,0.0459336370
倉,0.0001301236
僕,0.0007807417
先,0.0003253090
六,0.0000650618
内,0.0013662980
円,0.0002602472
冬,0.0001951854
出,0.0006506181
分,0.0013012362
別,0.0001301236
券,0.0000650618
前,0.0029928432
化,0.0002602472
北,0.0000650618
医,0.0001951854
十,0.0003253090
千,0.0000650618
卒,0.0024072869
協,0.0007156799
南,0.0000650618
印,0.0000650618
号,0.0001951854
名,0.0003253090
君,0.0001301236
員,0.0003253090
問,0.0001301236
四,0.0001951854
回,0.0072218608
図,0.0005855563
土,0.0003903709
場,0.0003903709
塔,0.0001951854
壇,0.0001301236
士,0.0000650618
大,0.0007807417
奥,0.0000650618
学,0.0022121015
官,0.0000650618
室,0.0054651919
家,0.0000650618
将,0.0000650618
局,0.0013012362
届,0.0000650618
展,0.0001951854
市,0.0004554327
平,0.0000650618
年,0.0011711126
度,0.0000650618
式,0.0008458035
彬,0.0000650618
後,0.0003253090
性,0.0002602472
戦,0.0000650618
手,0.0000650618
教,0.0000650618
数,0.0001951854
料,0.0001301236
新,0.0001301236
方,0.0009108653
旗,0.0000650618
日,0.0111255693
星,0.0001301236
春,0.0001951854
昼,0.0000650618
時,0.0007807417
晩,0.0000650618
暇,0.0001951854
暦,0.0001301236
書,0.0052049447
月,0.0065712427
期,0.0000650618
木,0.0006506181
末,0.0001301236
本,0.0004554327
机,0.0000650618
林,0.0001301236
株,0.0006506181
桐,0.0001301236
棚,0.0003903709
検,0.0000650618
様,0.0002602472
樹,0.0000650618
機,0.0005855563
次,0.0011711126
歌,0.0000650618
氏,0.0005204945
水,0.0005204945
洋,0.0000650618
流,0.0001951854
浩,0.0006506181
港,0.0003903709
瀬,0.0001301236
火,0.0001951854
点,0.0000650618
熊,0.0000650618
版,0.0013662980
物,0.0008458035
特,0.0007156799
班,0.0029277814
生,0.0001951854
用,0.0017566688
申,0.0001301236
町,0.0008458035
症,0.0000650618
的,0.0011711126
目,0.0005855563
県,0.0000650618
眼,0.0001301236
研,0.0031880286
磨,0.0000650618
社,0.0009759271
祐,0.0000650618
祝,0.0000650618
票,0.0008458035
祭,0.0013662980
科,0.0001951854
種,0.0002602472
稿,0.0003253090
立,0.0000650618
章,0.0000650618
等,0.0019518543
精,0.0000650618
系,0.0072869226
網,0.0009759271
編,0.0000650618
縦,0.0001951854
者,0.0078074170
職,0.0001301236
船,0.0000650618
英,0.0000650618
蔭,0.0001301236
行,0.0001951854
表,0.0005855563
西,0.0000650618
視,0.0000650618
証,0.0001951854
話,0.0000650618
誌,0.0002602472
論,0.0014313598
車,0.0001951854
輪,0.0000650618
送,0.0000650618
通,0.0001301236
週,0.0000650618
道,0.0001301236
部,0.0001301236
金,0.0026675342
鉄,0.0001301236
録,0.0011060507
鍵,0.0001951854
長,0.0003903709
開,0.0001951854
限,0.0040338321
階,0.0001301236
際,0.0000650618
集,0.0000650618
靴,0.0000650618
願,0.0002602472
類,0.0002602472
飲,0.0000650618
高,0.0000650618
鬘,0.0000650618
魚,0.0001951854
鳥,0.0000650618
，,0.0006506181
０,0.0004554327
１,0.0015614834
２,0.0041639558
３,0.0031229668
４,0.0003903709
５,0.0006506181
６,0.0003253090
７,0.0002602472
８,0.0004554327
９,0.0002602472
〆切,0.0001301236
あけ,0.0003253090
あと,0.0000650618
あり,0.0013012362
ある,0.0001301236
いか,0.0001301236
いる,0.0000650618
おり,0.0000650618
お力,0.0000650618
お話,0.0001951854
かけ,0.0001301236
くし,0.0000650618
くだ,0.0000650618
くん,0.0001301236
こと,0.0001301236
ご飯,0.0000650618
さん,0.0006506181
しよ,0.0003903709
しれ,0.0000650618
する,0.0004554327
ため,0.0004554327
つき,0.0011060507
つて,0.0003253090
でき,0.0001951854
なっ,0.0001301236
なべ,0.0001951854
なり,0.0001301236
なる,0.0001301236
はこ,0.0003253090
ひだ,0.0000650618
ふわ,0.0000650618
まち,0.0000650618
まり,0.0000650618
みよ,0.0003253090
やっ,0.0001301236
やり,0.0001951854
よう,0.0001951854
りん,0.0001951854
れる,0.0002602472
アル,0.0000650618
キー,0.0000650618
ケア,0.0001301236
ゼミ,0.0046844502
タテ,0.0011060507
テレ,0.0001301236
デモ,0.0015614834
ハイ,0.0000650618
バス,0.0003253090
バー,0.0001301236
プレ,0.0003903709
ミク,0.0001951854
メカ,0.0000650618
メタ,0.0003903709
ラジ,0.0000650618
ラボ,0.0011060507
リマ,0.0001951854
ログ,0.0000650618
ロス,0.0001951854
一時,0.0002602472
一緒,0.0001951854
一覧,0.0001951854
一部,0.0007156799
三木,0.0001301236
上げ,0.0001951854
上映,0.0002602472
下関,0.0000650618
不在,0.0000650618
不安,0.0000650618
不審,0.0000650618
世界,0.0000650618
並列,0.0015614834
中島,0.0000650618
中心,0.0000650618
中止,0.0001951854
中継,0.0000650618
中間,0.0024723487
丸山,0.0003253090
主催,0.0002602472
予定,0.0007807417
予算,0.0001301236
予約,0.0001301236
予選,0.0002602472
予防,0.0001301236
事件,0.0000650618
事前,0.0004554327
事務,0.0014313598
事情,0.0000650618
事故,0.0000650618
事項,0.0007156799
井上,0.0001951854
交換,0.0003253090
交流,0.0013012362
交通,0.0001951854
京田,0.0000650618
人工,0.0001301236
人数,0.0001301236
人材,0.0003253090
今回,0.0000650618
今後,0.0017566688
今日,0.0025374105
今月,0.0004554327
今朝,0.0001301236
今週,0.0015614834
仕事,0.0000650618
仕方,0.0001301236
仕様,0.0003253090
代金,0.0001301236
以外,0.0001301236
以降,0.0000650618
仮称,0.0000650618
件名,0.0020819779
任用,0.0002602472
企業,0.0067664281
企画,0.0003903709
伊藤,0.0001951854
休み,0.0000650618
休業,0.0005204945
休止,0.0000650618
休講,0.0001301236
会場,0.0001951854
会社,0.0010409889
会議,0.0086532206
伴う,0.0009759271
伸行,0.0000650618
位置,0.0003253090
佐藤,0.0000650618
体制,0.0001301236
体調,0.0001951854
体験,0.0001951854
余市,0.0001951854
作っ,0.0001951854
作ろ,0.0003253090
作品,0.0001951854
作家,0.0001301236
作成,0.0024072869
作業,0.0009759271
使う,0.0000650618
使っ,0.0000650618
使用,0.0012361744
依頼,0.0007807417
便利,0.0000650618
係る,0.0001301236
保健,0.0014313598
信弘,0.0001301236
信用,0.0000650618
修了,0.0002602472
修士,0.0003903709
修正,0.0005204945
修論,0.0000650618
倉田,0.0010409889
個人,0.0013012362
個別,0.0020819779
候補,0.0001301236
倫理,0.0006506181
停止,0.0012361744
停電,0.0003903709
健康,0.0003253090
備品,0.0005855563
優先,0.0001301236
優勝,0.0000650618
先生,0.0016265452
先輩,0.0000650618
克也,0.0001301236
免除,0.0009759271
入っ,0.0001301236
入り,0.0000650618
入学,0.0006506181
入室,0.0001301236
入荷,0.0000650618
入試,0.0003253090
入部,0.0001301236
入門,0.0003253090
全体,0.0060507482
全員,0.0001301236
全域,0.0000650618
全面,0.0001301236
八潮,0.0001951854
公務,0.0000650618
公募,0.0003253090
公告,0.0000650618
公演,0.0001301236
公立,0.0003903709
公衆,0.0000650618
公開,0.0006506181
共有,0.0003253090
共通,0.0001301236
内定,0.0000650618
内容,0.0002602472
内田,0.0000650618
内覧,0.0000650618
円城,0.0001951854
再々,0.0000650618
再試,0.0001951854
再送,0.0065061809
再開,0.0000650618
写真,0.0009108653
冬季,0.0000650618
冬期,0.0003903709
処理,0.0020169161
出力,0.0000650618
出勤,0.0001301236
出場,0.0000650618
出席,0.0004554327
出張,0.0001951854
出欠,0.0009759271
出没,0.0000650618
出版,0.0001951854
出題,0.0000650618
出願,0.0000650618
函館,0.0029928432
分割,0.0001301236
分散,0.0015614834
分析,0.0004554327
分類,0.0000650618
初回,0.0001301236
利用,0.0011711126
到来,0.0000650618
制度,0.0011711126
制御,0.0001301236
制限,0.0005204945
削除,0.0000650618
前回,0.0000650618
前後,0.0000650618
前期,0.0011711126
創業,0.0000650618
創立,0.0000650618
創造,0.0000650618
加藤,0.0021470397
助言,0.0000650618
労務,0.0000650618
勉強,0.0091086532
動向,0.0002602472
動機,0.0000650618
動画,0.0003903709
募集,0.0066363045
勤務,0.0002602472
勧誘,0.0007156799
北大,0.0001951854
北洋,0.0000650618
北都,0.0000650618
医務,0.0014964216
医療,0.0005204945
午前,0.0013662980
午後,0.0001301236
卒業,0.0037735849
卓球,0.0001301236
協会,0.0000650618
協力,0.0008458035
協同,0.0001951854
単位,0.0001301236
博士,0.0003253090
即席,0.0001301236
原案,0.0001951854
厳封,0.0002602472
参加,0.0069616135
参考,0.0001301236
収支,0.0001951854
収集,0.0000650618
受付,0.0002602472
受入,0.0001301236
受動,0.0000650618
受取,0.0000650618
受検,0.0001951854
受講,0.0009759271
受験,0.0009108653
古河,0.0000650618
可能,0.0001301236
合同,0.0031229668
合宿,0.0012361744
合格,0.0001301236
吉田,0.0009759271
吉見,0.0001951854
名簿,0.0001951854
向け,0.0008458035
含む,0.0000650618
告知,0.0007156799
呑み,0.0001951854
周年,0.0001951854
和文,0.0001301236
和田,0.0008458035
品等,0.0003903709
問題,0.0001301236
喚起,0.0001951854
営業,0.0005204945
回分,0.0001301236
回収,0.0000650618
回答,0.0001951854
団体,0.0001951854
困難,0.0003253090
図書,0.0001301236
固定,0.0000650618
国内,0.0002602472
国大,0.0001301236
国家,0.0000650618
国立,0.0000650618
国際,0.0007807417
土曜,0.0004554327
在京,0.0001301236
地区,0.0005204945
地域,0.0011060507
地震,0.0005855563
坂本,0.0001301236
基本,0.0013662980
基礎,0.0001951854
報告,0.0035133377
場所,0.0007156799
増設,0.0002602472
売店,0.0006506181
変化,0.0001301236
変容,0.0001951854
変更,0.0060507482
夏季,0.0007156799
夏期,0.0004554327
外部,0.0001301236
多様,0.0000650618
夜道,0.0000650618
大介,0.0001301236
大会,0.0008458035
大全,0.0000650618
大学,0.0033832141
大島,0.0000650618
大輔,0.0001301236
契約,0.0001951854
奨学,0.0013662980
女子,0.0000650618
女性,0.0000650618
委員,0.0005855563
姿勢,0.0000650618
媒介,0.0001301236
学び,0.0001301236
学会,0.0024072869
学内,0.0028627196
学外,0.0007807417
学年,0.0001301236
学生,0.0033181522
学科,0.0000650618
学籍,0.0000650618
学習,0.0040988939
学術,0.0011060507
学部,0.0001301236
学長,0.0000650618
安全,0.0001301236
完了,0.0003903709
定例,0.0001951854
定期,0.0003903709
定理,0.0000650618
定義,0.0001301236
実態,0.0002602472
実施,0.0017566688
実演,0.0001301236
実行,0.0001301236
実装,0.0003903709
実践,0.0002602472
実験,0.0024723487
宣伝,0.0000650618
寄付,0.0002602472
寄附,0.0001951854
審査,0.0001951854
審議,0.0000650618
対応,0.0007156799
対策,0.0000650618
対象,0.0001301236
寿命,0.0001301236
小林,0.0000650618
就い,0.0001301236
就職,0.0063109954
届い,0.0000650618
届き,0.0001951854
届く,0.0000650618
屋内,0.0000650618
展示,0.0007807417
展覧,0.0000650618
履修,0.0005855563
履歴,0.0002602472
山口,0.0001301236
山本,0.0000650618
巡回,0.0000650618
工学,0.0001951854
市内,0.0003253090
市長,0.0000650618
希望,0.0033181522
帰り,0.0000650618
帰宅,0.0003253090
平成,0.0019518543
年度,0.0045543266
年生,0.0009108653
座談,0.0005855563
廃止,0.0000650618
廊下,0.0000650618
延期,0.0004554327
延滞,0.0001301236
延長,0.0001301236
弁別,0.0000650618
式典,0.0001301236
引継,0.0000650618
強化,0.0001301236
強調,0.0000650618
当日,0.0001301236
役割,0.0001951854
役員,0.0003903709
待っ,0.0000650618
後期,0.0037735849
後輩,0.0000650618
御堂,0.0000650618
復旧,0.0003253090
心理,0.0006506181
必須,0.0000650618
志望,0.0000650618
忘れ,0.0000650618
応募,0.0007156799
応用,0.0000650618
急募,0.0004554327
情報,0.0148991542
惹か,0.0000650618
意匠,0.0000650618
意見,0.0007807417
意識,0.0000650618
感染,0.0003253090
感謝,0.0001951854
懇親,0.0013012362
懇談,0.0000650618
成果,0.0031880286
成田,0.0000650618
成績,0.0000650618
戸田,0.0003253090
所属,0.0002602472
手配,0.0000650618
扶養,0.0000650618
技術,0.0048145738
抄録,0.0000650618
投稿,0.0003903709
抱負,0.0001301236
押印,0.0001951854
担当,0.0006506181
招待,0.0000650618
拡張,0.0000650618
持参,0.0000650618
指導,0.0002602472
指標,0.0000650618
指示,0.0002602472
挨拶,0.0001301236
振替,0.0001301236
授業,0.0008458035
採択,0.0000650618
採用,0.0014964216
探し,0.0004554327
控除,0.0000650618
推奨,0.0006506181
推薦,0.0017566688
推進,0.0000650618
掲載,0.0003253090
提供,0.0011060507
提出,0.0019518543
提案,0.0012361744
搬入,0.0006506181
撮影,0.0007156799
操作,0.0000650618
操業,0.0000650618
支店,0.0001301236
支援,0.0017566688
支社,0.0001301236
支給,0.0001301236
支部,0.0001951854
改善,0.0001301236
改訂,0.0001301236
放置,0.0000650618
故障,0.0000650618
教え,0.0000650618
教務,0.0002602472
教員,0.0001301236
教室,0.0004554327
教授,0.0003903709
教育,0.0004554327
教養,0.0001301236
数字,0.0001301236
数理,0.0001301236
整理,0.0001951854
整頓,0.0001301236
敷地,0.0001301236
文字,0.0004554327
文献,0.0000650618
新人,0.0022771633
新年,0.0003903709
新着,0.0000650618
新聞,0.0000650618
新規,0.0000650618
方々,0.0002602472
方法,0.0003903709
方針,0.0007807417
旅行,0.0003253090
旅費,0.0008458035
日付,0.0000650618
日時,0.0001301236
日本,0.0011711126
日程,0.0049446975
日立,0.0002602472
日記,0.0001301236
日誌,0.0000650618
旭川,0.0001301236
明け,0.0000650618
明日,0.0029928432
映像,0.0002602472
春期,0.0003253090
昨年,0.0000650618
昨日,0.0002602472
時代,0.0000650618
時給,0.0001301236
時間,0.0033832141
時限,0.0001951854
更新,0.0013012362
書き,0.0000650618
書く,0.0001301236
書籍,0.0001301236
書類,0.0009759271
最新,0.0009108653
最終,0.0014964216
最長,0.0000650618
服装,0.0000650618
期日,0.0000650618
期末,0.0001951854
期間,0.0011060507
期限,0.0002602472
木下,0.0000650618
未来,0.0050097593
本学,0.0004554327
本日,0.0130774236
本気,0.0000650618
本田,0.0000650618
本社,0.0000650618
本部,0.0000650618
札幌,0.0022121015
村山,0.0005204945
村川,0.0001301236
来客,0.0000650618
来年,0.0000650618
来週,0.0009759271
東京,0.0029277814
東側,0.0000650618
東大,0.0002602472
東芝,0.0012361744
案内,0.0096942095
棚卸,0.0005855563
植村,0.0001951854
検索,0.0002602472
業務,0.0030579050
業界,0.0000650618
極限,0.0000650618
概要,0.0002602472
概論,0.0000650618
榎本,0.0000650618
構成,0.0003253090
構造,0.0005855563
標準,0.0001951854
模擬,0.0004554327
模様,0.0000650618
模試,0.0001301236
権限,0.0000650618
横浜,0.0001301236
横関,0.0000650618
機器,0.0002602472
機材,0.0009108653
機械,0.0001951854
機構,0.0005855563
機能,0.0000650618
欠席,0.0033832141
次回,0.0022771633
次期,0.0001301236
次週,0.0000650618
歓迎,0.0040988939
正午,0.0000650618
正明,0.0000650618
歩き,0.0000650618
歩行,0.0001951854
殺す,0.0001951854
比較,0.0000650618
民俗,0.0000650618
水曜,0.0023422251
水産,0.0000650618
求め,0.0000650618
求人,0.0044892648
池田,0.0000650618
決め,0.0000650618
決勝,0.0001301236
決定,0.0005204945
法人,0.0000650618
注意,0.0013012362
注目,0.0000650618
津波,0.0000650618
活力,0.0000650618
活動,0.0042290176
活躍,0.0002602472
派遣,0.0000650618
流れ,0.0001301236
流行,0.0001951854
海外,0.0000650618
海洋,0.0232921275
消去,0.0000650618
深浦,0.0000650618
添削,0.0029277814
渡辺,0.0000650618
測位,0.0000650618
準備,0.0009108653
漁業,0.0000650618
漁獲,0.0000650618
漁船,0.0001951854
演劇,0.0000650618
演習,0.0038386467
演舞,0.0000650618
漢字,0.0001301236
火曜,0.0000650618
無事,0.0000650618
無料,0.0002602472
無線,0.0001301236
物品,0.0006506181
特別,0.0026024723
特殊,0.0000650618
状況,0.0000650618
献血,0.0000650618
現在,0.0000650618
現実,0.0000650618
現状,0.0002602472
球技,0.0001301236
理解,0.0000650618
理論,0.0000650618
環境,0.0003903709
生命,0.0000650618
生態,0.0001301236
生活,0.0002602472
用い,0.0003253090
用意,0.0000650618
申し,0.0000650618
申告,0.0000650618
申請,0.0009759271
申込,0.0002602472
男子,0.0000650618
画像,0.0006506181
留学,0.0000650618
留萌,0.0007156799
番号,0.0000650618
番外,0.0000650618
番組,0.0000650618
異動,0.0000650618
異常,0.0000650618
病原,0.0000650618
病院,0.0001301236
療用,0.0001301236
発揮,0.0000650618
発注,0.0001951854
発生,0.0000650618
発行,0.0001951854
発表,0.0094990241
登場,0.0000650618
登壇,0.0001951854
登録,0.0011060507
皆様,0.0018867925
監督,0.0003903709
相互,0.0001951854
相談,0.0014964216
眼科,0.0000650618
督促,0.0001301236
矢野,0.0001951854
知能,0.0011060507
知覚,0.0000650618
研修,0.0001951854
研究,0.0098243331
確認,0.0026675342
社員,0.0001301236
神谷,0.0000650618
祭り,0.0003253090
禁止,0.0003253090
禁煙,0.0001301236
福島,0.0008458035
科学,0.0009759271
移住,0.0000650618
移動,0.0001951854
移行,0.0000650618
積極,0.0000650618
立ち,0.0001951854
立体,0.0000650618
立入,0.0001951854
竜馬,0.0000650618
端末,0.0000650618
競技,0.0002602472
答案,0.0000650618
策定,0.0000650618
管理,0.0057254392
節電,0.0000650618
精算,0.0006506181
紹介,0.0007807417
終了,0.0003253090
組合,0.0002602472
経済,0.0009108653
経過,0.0002602472
結城,0.0006506181
結果,0.0008458035
継続,0.0011060507
続き,0.0003253090
続報,0.0003253090
緊急,0.0003903709
総会,0.0000650618
総勢,0.0003253090
総合,0.0001301236
締切,0.0013012362
練習,0.0003253090
美唄,0.0000650618
習得,0.0000650618
考え,0.0000650618
聞く,0.0000650618
聴講,0.0000650618
職員,0.0007807417
育成,0.0003253090
脆弱,0.0001301236
臨床,0.0002602472
臨時,0.0003903709
自主,0.0001301236
自己,0.0003903709
自律,0.0000650618
自由,0.0002602472
自習,0.0001951854
至急,0.0006506181
花見,0.0007807417
芸術,0.0001301236
茅野,0.0000650618
草案,0.0000650618
荷物,0.0000650618
萩沢,0.0000650618
藤岡,0.0000650618
行く,0.0001301236
行動,0.0003253090
行為,0.0003903709
表現,0.0000650618
表示,0.0005204945
被害,0.0000650618
裁判,0.0001301236
装置,0.0000650618
補講,0.0000650618
補足,0.0005855563
製作,0.0001301236
複数,0.0001301236
複雑,0.0006506181
要望,0.0001301236
要求,0.0001301236
見学,0.0007807417
見本,0.0000650618
規制,0.0000650618
視線,0.0000650618
観光,0.0004554327
解体,0.0001951854
解析,0.0001301236
解答,0.0001301236
解説,0.0001301236
言語,0.0031880286
訂正,0.0014313598
計測,0.0000650618
計画,0.0009759271
討論,0.0003253090
記入,0.0001301236
記念,0.0003253090
記憶,0.0001301236
記者,0.0000650618
訪問,0.0006506181
設定,0.0005855563
設立,0.0005204945
設置,0.0001301236
設計,0.0004554327
許可,0.0001301236
診断,0.0003253090
証明,0.0001301236
評価,0.0003903709
試し,0.0002602472
試用,0.0003253090
試験,0.0046193884
詳細,0.0003253090
認知,0.0002602472
認識,0.0003253090
誓約,0.0002602472
誤報,0.0000650618
説明,0.0074170462
読書,0.0005855563
読者,0.0001951854
課外,0.0014313598
課題,0.0031880286
調整,0.0014313598
調書,0.0003903709
調査,0.0020819779
論文,0.0020819779
講堂,0.0001301236
講師,0.0001301236
講座,0.0024723487
講演,0.0056603774
講義,0.0042940794
講習,0.0016916070
講話,0.0000650618
謝罪,0.0001951854
謝金,0.0001301236
警報,0.0000650618
警察,0.0001301236
議事,0.0011060507
貸し,0.0000650618
貸出,0.0003903709
資料,0.0016265452
資源,0.0001301236
質問,0.0008458035
購入,0.0008458035
起し,0.0001951854
起動,0.0000650618
踊り,0.0001301236
車内,0.0000650618
転送,0.0002602472
辞退,0.0002602472
辰巳,0.0000650618
農業,0.0001301236
込み,0.0001301236
返事,0.0003903709
返信,0.0002602472
返却,0.0032530904
返答,0.0001301236
返還,0.0002602472
追伸,0.0002602472
追加,0.0052700065
追記,0.0004554327
追試,0.0000650618
退職,0.0000650618
送り,0.0001951854
送付,0.0004554327
送信,0.0000650618
送別,0.0001301236
送迎,0.0000650618
途中,0.0001951854
通知,0.0002602472
通論,0.0000650618
速報,0.0008458035
連携,0.0009108653
連絡,0.0039687703
連続,0.0000650618
週間,0.0012361744
進化,0.0000650618
進学,0.0004554327
進捗,0.0008458035
進路,0.0002602472
遅れ,0.0000650618
遅刻,0.0001301236
運用,0.0004554327
運行,0.0001951854
運転,0.0001301236
過去,0.0001951854
道新,0.0000650618
違っ,0.0000650618
違反,0.0001301236
遠隔,0.0003253090
適当,0.0000650618
選ぶ,0.0001301236
選ん,0.0000650618
選抜,0.0001301236
選択,0.0002602472
選考,0.0001951854
避難,0.0000650618
邪気,0.0000650618
部屋,0.0003903709
部費,0.0001301236
配列,0.0002602472
配属,0.0007156799
配布,0.0018867925
配置,0.0000650618
重要,0.0022771633
重量,0.0000650618
野中,0.0001301236
野村,0.0000650618
野波,0.0000650618
金曜,0.0000650618
金額,0.0000650618
鈴木,0.0001301236
鍋嶋,0.0000650618
長期,0.0002602472
長野,0.0000650618
閉店,0.0001301236
開催,0.0066363045
開始,0.0003903709
開拓,0.0001301236
開港,0.0000650618
開発,0.0013662980
開設,0.0002602472
開講,0.0002602472
開館,0.0015614834
間近,0.0001951854
関し,0.0007807417
関係,0.0004554327
関連,0.0005855563
閲覧,0.0001301236
防止,0.0001301236
限ら,0.0000650618
限定,0.0001301236
院生,0.0005204945
階段,0.0000650618
障害,0.0004554327
集め,0.0001301236
集中,0.0004554327
集会,0.0001951854
集合,0.0005855563
電子,0.0003903709
震災,0.0001301236
青森,0.0001951854
静か,0.0000650618
面接,0.0007156799
面談,0.0008458035
韓国,0.0001301236
音声,0.0003903709
音楽,0.0003903709
項目,0.0000650618
領域,0.0003903709
願い,0.0002602472
願書,0.0003903709
風景,0.0000650618
食品,0.0000650618
食堂,0.0006506181
飲み,0.0059856864
飲酒,0.0001301236
駐車,0.0003903709
高度,0.0025374105
高村,0.0001951854
高柳,0.0000650618
高橋,0.0001951854
鳥海,0.0001301236
黒船,0.0000650618
黒須,0.0000650618
４月,0.0000650618
５月,0.0001301236
６月,0.0000650618
７月,0.0001301236
８月,0.0002602472
ＩＤ,0.0000650618
ＪＡ,0.0001951854
いたし,0.0000650618
いるか,0.0000650618
お手数,0.0001301236
お詫び,0.0003253090
お送り,0.0001951854
お願い,0.0065712427
かえる,0.0000650618
かかる,0.0000650618
その他,0.0000650618
つくり,0.0000650618
つくる,0.0002602472
づくり,0.0000650618
できる,0.0000650618
とれる,0.0000650618
なさる,0.0000650618
ねぶた,0.0001301236
まつり,0.0001951854
まとめ,0.0001301236
みたい,0.0001301236
みんな,0.0001951854
もどき,0.0000650618
アップ,0.0003903709
インド,0.0001951854
ウェア,0.0000650618
エリア,0.0000650618
エンド,0.0000650618
カフェ,0.0001951854
カメラ,0.0000650618
カード,0.0000650618
クラス,0.0001951854
グリー,0.0000650618
ケース,0.0000650618
ゲート,0.0001301236
ゲーム,0.0004554327
コース,0.0033832141
コード,0.0002602472
サイト,0.0001951854
サマー,0.0001301236
サーバ,0.0016265452
シフト,0.0000650618
ショー,0.0002602472
シート,0.0001301236
スキル,0.0000650618
ソフト,0.0002602472
チーム,0.0003253090
ツリー,0.0000650618
ツール,0.0002602472
テクノ,0.0000650618
テスト,0.0009759271
テック,0.0002602472
テレビ,0.0000650618
テーマ,0.0000650618
デスク,0.0000650618
データ,0.0010409889
トイレ,0.0000650618
トーク,0.0000650618
ドット,0.0000650618
ハウス,0.0001301236
バイオ,0.0000650618
バイト,0.0005204945
バトル,0.0001951854
ビデオ,0.0000650618
ファン,0.0002602472
フェア,0.0000650618
フロー,0.0001951854
ブック,0.0001301236
ブルー,0.0011711126
プラン,0.0005204945
ヘルプ,0.0000650618
ページ,0.0000650618
ホタテ,0.0000650618
マグロ,0.0001951854
マツダ,0.0000650618
マナー,0.0003253090
ムーン,0.0011711126
メール,0.0015614834
モロオ,0.0001301236
ヤフー,0.0001301236
ヤング,0.0006506181
ライブ,0.0001951854
リスト,0.0005855563
リンク,0.0009108653
ルール,0.0003253090
ロード,0.0003253090
ワイン,0.0015614834
ワーク,0.0000650618
不二夫,0.0004554327
不具合,0.0006506181
不参加,0.0000650618
与える,0.0000650618
事務職,0.0000650618
京セラ,0.0001951854
今年度,0.0000650618
体育館,0.0008458035
使い方,0.0000650618
使える,0.0000650618
保証書,0.0001951854
公務員,0.0002602472
共愛会,0.0000650618
再来週,0.0001301236
冬休み,0.0004554327
出し物,0.0000650618
割当て,0.0000650618
加速度,0.0003253090
北海道,0.0016916070
卒業生,0.0003903709
印刷物,0.0001301236
原子力,0.0000650618
取組む,0.0001301236
受取り,0.0003253090
図書館,0.0001951854
基づく,0.0000650618
夏休み,0.0003253090
大学生,0.0005855563
大学院,0.0009108653
奨学生,0.0001951854
始まり,0.0001301236
富士通,0.0005204945
寺子屋,0.0003253090
小論文,0.0000650618
市役所,0.0000650618
広がる,0.0000650618
役立つ,0.0004554327
忌引き,0.0000650618
忘れる,0.0000650618
忘れ物,0.0000650618
忘年会,0.0007156799
手伝い,0.0001301236
手作り,0.0002602472
手続き,0.0005855563
手違い,0.0000650618
打合せ,0.0002602472
振込み,0.0000650618
捉える,0.0000650618
新入生,0.0024072869
新日鉄,0.0001301236
春休み,0.0000650618
昨年度,0.0001301236
昼休み,0.0001951854
時間割,0.0013012362
書き方,0.0000650618
月曜日,0.0000650618
来年度,0.0016265452
東日本,0.0001301236
東神楽,0.0000650618
次世代,0.0000650618
正社員,0.0000650618
水曜日,0.0000650618
決めよ,0.0000650618
活かす,0.0001951854
火曜日,0.0000650618
申し出,0.0001301236
申込み,0.0001301236
皆さま,0.0000650618
皆さん,0.0016265452
知らせ,0.0000650618
研究所,0.0002602472
秋葉原,0.0016916070
終わり,0.0000650618
締切り,0.0002602472
考える,0.0003253090
自動車,0.0001951854
自販機,0.0000650618
自転車,0.0003253090
芥川賞,0.0001301236
苫小牧,0.0000650618
落し物,0.0000650618
被験者,0.0005855563
裁判所,0.0001951854
見込み,0.0000650618
読み手,0.0000650618
警察官,0.0001301236
貸出し,0.0000650618
起こし,0.0001301236
近づき,0.0000650618
進め方,0.0001301236
遅れる,0.0000650618
金曜日,0.0001951854
間違え,0.0000650618
集まり,0.0000650618
電話機,0.0000650618
非公式,0.0000650618
駐輪場,0.0001951854
（株）,0.0001951854
ＪＲＡ,0.0000650618
ＮＥＣ,0.0000650618
Ｗｅｂ,0.0000650618
あいさつ,0.0000650618
いただい,0.0000650618
いただき,0.0001951854
おしらせ,0.0004554327
おねがい,0.0000650618
お手伝い,0.0007807417
お知らせ,0.0268054652
ください,0.0006506181
くださる,0.0001951854
しらかば,0.0006506181
しんかん,0.0000650618
はじめる,0.0001301236
はみ出し,0.0000650618
ふれあい,0.0000650618
みなさま,0.0003253090
みなさん,0.0005204945
もたらし,0.0001301236
アスクル,0.0000650618
アトリエ,0.0001301236
アドレス,0.0001951854
アルバム,0.0007807417
イベント,0.0009108653
ウイルス,0.0000650618
エッセイ,0.0000650618
オフィス,0.0004554327
オープン,0.0011060507
カレッジ,0.0000650618
キャリア,0.0000650618
グリッド,0.0002602472
コメント,0.0003253090
サハリン,0.0000650618
サンプル,0.0002602472
サークル,0.0007156799
サーバー,0.0001951854
サービス,0.0010409889
システム,0.0033832141
シリーズ,0.0002602472
スタイル,0.0000650618
スタッフ,0.0000650618
ステップ,0.0003903709
スペース,0.0001301236
スライド,0.0004554327
セミナー,0.0063109954
センコー,0.0000650618
センター,0.0000650618
タイトル,0.0001951854
タクシー,0.0000650618
ダービー,0.0003253090
チェック,0.0001951854
テキスト,0.0000650618
デザイン,0.0037085231
デジタル,0.0000650618
デンソー,0.0000650618
ドラフト,0.0013662980
ニフティ,0.0000650618
パソコン,0.0000650618
パターン,0.0016916070
パーティ,0.0001951854
ビジネス,0.0000650618
ビジョン,0.0000650618
ファイル,0.0002602472
フィルタ,0.0000650618
フェリー,0.0006506181
フォント,0.0001301236
フレーム,0.0000650618
プリンタ,0.0003253090
プレゼン,0.0001301236
プロセス,0.0002602472
ポインタ,0.0002602472
ポイント,0.0000650618
ポスター,0.0013662980
マイクロ,0.0000650618
マジック,0.0000650618
マックス,0.0000650618
メソッド,0.0000650618
メディア,0.0004554327
メンバー,0.0002602472
モバイル,0.0001301236
リソース,0.0000650618
リリース,0.0000650618
レジュメ,0.0004554327
レビュー,0.0014313598
レポート,0.0005204945
ロッカー,0.0002602472
ロボット,0.0001301236
三菱電機,0.0000650618
会津大学,0.0000650618
勝ち取ろ,0.0001301236
取り扱い,0.0000650618
取り組め,0.0000650618
受け入れ,0.0001951854
受け取り,0.0001301236
受け渡し,0.0004554327
大学院生,0.0000650618
年末年始,0.0003253090
情報処理,0.0016916070
慶応大学,0.0000650618
慶應義塾,0.0000650618
打ち上げ,0.0003253090
打ち合わ,0.0001951854
振り替え,0.0001301236
書き出し,0.0000650618
東海大学,0.0000650618
株式会社,0.0001951854
申し込み,0.0005204945
立入禁止,0.0000650618
組み込み,0.0000650618
締め切り,0.0001301236
落とし物,0.0000650618
話し合い,0.0001301236
貸し出し,0.0001951854
送り出す,0.0002602472
顔合わせ,0.0010409889
アカウント,0.0003903709
アカデミー,0.0001301236
アナウンス,0.0001301236
アナリシス,0.0000650618
アルバイト,0.0007156799
アンケート,0.0011711126
イメージ図,0.0002602472
インターン,0.0007807417
エキストラ,0.0001951854
エントリー,0.0001301236
オペレータ,0.0002602472
オンライン,0.0005204945
ガイダンス,0.0031880286
キックオフ,0.0002602472
キャンドル,0.0000650618
キャンパス,0.0005855563
クリスマス,0.0000650618
コンテスト,0.0010409889
コンテンツ,0.0004554327
サイエンス,0.0002602472
サテライト,0.0013012362
サバイバル,0.0001951854
システムズ,0.0002602472
ジャーナル,0.0000650618
スピーカー,0.0001301236
セッション,0.0003253090
チャレンジ,0.0000650618
チャンネル,0.0000650618
デザイナー,0.0000650618
トライアル,0.0001301236
ヒアリング,0.0001301236
ヒューマン,0.0002602472
ファイナル,0.0000650618
フォーラム,0.0013012362
プリンター,0.0000650618
プログラム,0.0003903709
プロトコル,0.0003903709
マッチング,0.0002602472
マニュアル,0.0005204945
メディカル,0.0003253090
ライセンス,0.0003253090
ライブラリ,0.0007807417
リサイクル,0.0000650618
リハーサル,0.0006506181
ログアウト,0.0000650618
六花亭製菓,0.0000650618
函館新聞社,0.0000650618
北日本放送,0.0000650618
取り締まり,0.0000650618
名古屋大学,0.0001301236
問い合わせ,0.0003253090
塗りつぶし,0.0000650618
島津製作所,0.0001951854
打ち合わせ,0.0022771633
日立製作所,0.0001951854
神田通信機,0.0000650618
立ち上がる,0.0003253090
アウトライン,0.0000650618
アカデミック,0.0007807417
アップデート,0.0000650618
アルゴリズム,0.0005855563
インストール,0.0001951854
エスイーシー,0.0000650618
カリキュラム,0.0001301236
コンピュータ,0.0002602472
コーディング,0.0001951854
シンポジウム,0.0001301236
シーキューブ,0.0001301236
スケジュール,0.0010409889
スパムメール,0.0001301236
セットアップ,0.0000650618
ソフトウェア,0.0007807417
ソフトウエア,0.0001301236
ソフトバンク,0.0001301236
テクノロジー,0.0000650618
テンプレート,0.0000650618
ディスプレイ,0.0003253090
データベース,0.0001951854
ドキュメント,0.0000650618
ナンバーワン,0.0000650618
ネットワーク,0.0005855563
ハローワーク,0.0006506181
バックアップ,0.0000650618
バーベキュー,0.0002602472
パナソニック,0.0001301236
プロジェクタ,0.0001301236
プロジェクト,0.0073519844
ペットボトル,0.0001301236
ホームページ,0.0000650618
ボランティア,0.0001301236
ミュージアム,0.0001951854
ミーティング,0.0048796357
メンテナンス,0.0006506181
ライブラリー,0.0037085231
ラボラトリー,0.0001301236
函館信用金庫,0.0000650618
北海道教育大,0.0000650618
富士フイルム,0.0000650618
ＮＴＴデータ,0.0000650618
アーキテクチャ,0.0003903709
インタフェース,0.0002602472
インターネット,0.0001301236
インフルエンザ,0.0005204945
カンファレンス,0.0000650618
クリエイティブ,0.0000650618
サマースクール,0.0001301236
シリコンバレー,0.0000650618
プラネタリウム,0.0002602472
プログラミング,0.0004554327
ポートフォリオ,0.0011060507
マイクロソフト,0.0000650618
メッセンジャー,0.0001301236
メールアドレス,0.0000650618
リーダーシップ,0.0000650618
ワークショップ,0.0007156799
富士ゼロックス,0.0000650618
インタラクティブ,0.0002602472
インターンシップ,0.0032530904
インテリジェント,0.0001301236
エンジニアリング,0.0001301236
フォトコンテスト,0.0000650618
プラットフォーム,0.0000650618
大学入試センター,0.0000650618
インスタレーション,0.0000650618
インフォメーション,0.0000650618
オリエンテーション,0.0011060507
コミュニケーション,0.0005855563
セントラルシステムズ,0.0001301236
オペレーションズリサーチ,0.0000650618
オペレーティングシステム,0.0023422251
コンピュータアーキテクチャ,0.0001951854
セクシュアル・ハラスメント,0.0004554327
北陸先端科学技術大学院大学,0.0001301236
日立システムエンジニアリング,0.0001301236
